flight_id,airline,origin,destination,route,scheduled_time,actual_time,flight_date,month,weekday,scheduled_hour,passengers,status,gate,delay_minutes,delay_band,is_on_time,is_delayed,is_cancelled,source_row_number
DE03120001,Condor,FRA,BER,FRA-BER,2026-03-12 12:45:00,2026-03-12 13:31:00,2026-03-12,2026-03,Thursday,12,271,DELAYED,A05,46,31-60,False,True,False,2
LH02250002,Lufthansa,FRA,MUC,FRA-MUC,2026-02-25 13:20:00,2026-02-25 13:58:00,2026-02-25,2026-02,Wednesday,13,269,DELAYED,B03,38,31-60,False,True,False,3
DE01250004,Condor,FRA,MAD,FRA-MAD,2026-01-25 17:00:00,2026-01-25 17:26:00,2026-01-25,2026-01,Sunday,17,290,DELAYED,E02,26,16-30,False,True,False,5
DE01210005,Condor,FRA,MAD,FRA-MAD,2026-01-21 22:50:00,2026-01-21 22:35:00,2026-01-21,2026-01,Wednesday,22,90,ON_TIME,A05,0,ON_TIME,True,False,False,6
AF01210006,Air France,FRA,CDG,FRA-CDG,2026-01-21 12:35:00,2026-01-21 12:20:00,2026-01-21,2026-01,Wednesday,12,241,ON_TIME,A18,0,ON_TIME,True,False,False,7
EK02230007,Emirates,FRA,AMS,FRA-AMS,2026-02-23 13:35:00,2026-02-23 14:07:00,2026-02-23,2026-02,Monday,13,249,DELAYED,B09,32,31-60,False,True,False,8
AF03250008,Air France,FRA,JFK,FRA-JFK,2026-03-25 06:45:00,2026-03-25 07:33:00,2026-03-25,2026-03,Wednesday,6,260,DELAYED,B09,48,31-60,False,True,False,9
DE05260009,Condor,FRA,LHR,FRA-LHR,2026-05-26 15:45:00,2026-05-26 15:30:00,2026-05-26,2026-05,Tuesday,15,190,ON_TIME,A18,0,ON_TIME,True,False,False,10
AF05240010,Air France,FRA,DXB,FRA-DXB,2026-05-24 22:50:00,2026-05-24 23:36:00,2026-05-24,2026-05,Sunday,22,259,DELAYED,B16,46,31-60,False,True,False,11
AF05110011,Air France,FRA,HAM,FRA-HAM,2026-05-11 20:35:00,2026-05-11 20:58:00,2026-05-11,2026-05,Monday,20,271,DELAYED,Z15,23,16-30,False,True,False,12
DE04080012,Condor,FRA,MAD,FRA-MAD,2026-04-08 20:20:00,2026-04-08 20:23:00,2026-04-08,2026-04,Wednesday,20,60,ON_TIME,A12,3,ON_TIME,True,False,False,13
KL03290013,KLM,FRA,JFK,FRA-JFK,2026-03-29 08:50:00,2026-03-29 08:35:00,2026-03-29,2026-03,Sunday,8,189,ON_TIME,E02,0,ON_TIME,True,False,False,14
BA01280014,British Airways,FRA,ZRH,FRA-ZRH,2026-01-28 15:20:00,2026-01-28 15:51:00,2026-01-28,2026-01,Wednesday,15,137,DELAYED,E02,31,31-60,False,True,False,15
LH03240015,Lufthansa,FRA,PMI,FRA-PMI,2026-03-24 20:30:00,2026-03-24 20:15:00,2026-03-24,2026-03,Tuesday,20,177,ON_TIME,A05,0,ON_TIME,True,False,False,16
AF01210016,Air France,FRA,PMI,FRA-PMI,2026-01-21 08:15:00,2026-01-21 09:22:00,2026-01-21,2026-01,Wednesday,8,327,DELAYED,A18,67,61-120,False,True,False,17
BA05020017,British Airways,FRA,JFK,FRA-JFK,2026-05-02 22:40:00,2026-05-02 23:12:00,2026-05-02,2026-05,Saturday,22,157,DELAYED,B09,32,31-60,False,True,False,18
UA06160018,United Airlines,FRA,JFK,FRA-JFK,2026-06-16 17:15:00,2026-06-16 17:11:00,2026-06-16,2026-06,Tuesday,17,181,ON_TIME,B03,0,ON_TIME,True,False,False,19
DE01060019,Condor,FRA,AMS,FRA-AMS,2026-01-06 22:45:00,2026-01-07 00:30:00,2026-01-06,2026-01,Tuesday,22,71,DELAYED,B16,105,61-120,False,True,False,20
DE03020020,Condor,FRA,ZRH,FRA-ZRH,2026-03-02 14:15:00,2026-03-02 14:31:00,2026-03-02,2026-03,Monday,14,297,DELAYED,B03,16,16-30,False,True,False,21
IB02180021,Iberia,FRA,MAD,FRA-MAD,2026-02-18 08:35:00,2026-02-18 08:34:00,2026-02-18,2026-02,Wednesday,8,82,ON_TIME,A12,0,ON_TIME,True,False,False,22
LH03280022,Lufthansa,FRA,MAD,FRA-MAD,2026-03-28 08:45:00,2026-03-28 09:19:00,2026-03-28,2026-03,Saturday,8,126,DELAYED,C07,34,31-60,False,True,False,23
BA04290023,British Airways,FRA,CDG,FRA-CDG,2026-04-29 12:35:00,2026-04-29 15:03:00,2026-04-29,2026-04,Wednesday,12,62,DELAYED,A12,148,120+,False,True,False,24
AF04150024,Air France,FRA,HAM,FRA-HAM,2026-04-15 21:15:00,2026-04-15 21:06:00,2026-04-15,2026-04,Wednesday,21,85,ON_TIME,A18,0,ON_TIME,True,False,False,25
UA04100025,United Airlines,FRA,BER,FRA-BER,2026-04-10 14:15:00,2026-04-10 14:16:00,2026-04-10,2026-04,Friday,14,304,ON_TIME,A18,1,ON_TIME,True,False,False,26
IB05160027,Iberia,FRA,ZRH,FRA-ZRH,2026-05-16 10:30:00,2026-05-16 10:57:00,2026-05-16,2026-05,Saturday,10,175,DELAYED,C07,27,16-30,False,True,False,28
DE03050028,Condor,FRA,PMI,FRA-PMI,2026-03-05 07:25:00,2026-03-05 07:46:00,2026-03-05,2026-03,Thursday,7,322,DELAYED,B16,21,16-30,False,True,False,29
IB05250030,Iberia,FRA,PMI,FRA-PMI,2026-05-25 08:35:00,2026-05-25 09:14:00,2026-05-25,2026-05,Monday,8,122,DELAYED,B16,39,31-60,False,True,False,31
DE04050031,Condor,FRA,LHR,FRA-LHR,2026-04-05 14:40:00,2026-04-05 14:34:00,2026-04-05,2026-04,Sunday,14,325,ON_TIME,A05,0,ON_TIME,True,False,False,32
KL01270032,KLM,FRA,JFK,FRA-JFK,2026-01-27 09:50:00,2026-01-27 09:59:00,2026-01-27,2026-01,Tuesday,9,134,ON_TIME,B09,9,ON_TIME,True,False,False,33
KL02230033,KLM,FRA,PMI,FRA-PMI,2026-02-23 15:45:00,2026-02-23 16:16:00,2026-02-23,2026-02,Monday,15,81,DELAYED,A12,31,31-60,False,True,False,34
UA01120034,United Airlines,FRA,CDG,FRA-CDG,2026-01-12 06:00:00,2026-01-12 05:51:00,2026-01-12,2026-01,Monday,6,189,ON_TIME,A18,0,ON_TIME,True,False,False,35
IB04200035,Iberia,FRA,ZRH,FRA-ZRH,2026-04-20 22:30:00,2026-04-20 23:19:00,2026-04-20,2026-04,Monday,22,73,DELAYED,B16,49,31-60,False,True,False,36
BA02020036,British Airways,FRA,MAD,FRA-MAD,2026-02-02 06:50:00,2026-02-02 06:52:00,2026-02-02,2026-02,Monday,6,75,ON_TIME,B16,2,ON_TIME,True,False,False,37
AF03050037,Air France,FRA,JFK,FRA-JFK,2026-03-05 09:00:00,2026-03-05 09:32:00,2026-03-05,2026-03,Thursday,9,134,DELAYED,B03,32,31-60,False,True,False,38
BA04160038,British Airways,FRA,HAM,FRA-HAM,2026-04-16 05:40:00,2026-04-16 05:38:00,2026-04-16,2026-04,Thursday,5,265,ON_TIME,B03,0,ON_TIME,True,False,False,39
KL06290039,KLM,FRA,HAM,FRA-HAM,2026-06-29 09:10:00,2026-06-29 09:35:00,2026-06-29,2026-06,Monday,9,290,DELAYED,B16,25,16-30,False,True,False,40
KL02270040,KLM,FRA,LHR,FRA-LHR,2026-02-27 05:45:00,2026-02-27 05:46:00,2026-02-27,2026-02,Friday,5,90,ON_TIME,B09,1,ON_TIME,True,False,False,41
EK05110041,Emirates,FRA,JFK,FRA-JFK,2026-05-11 18:20:00,2026-05-11 19:22:00,2026-05-11,2026-05,Monday,18,190,DELAYED,A05,62,61-120,False,True,False,42
DE04220042,Condor,FRA,PMI,FRA-PMI,2026-04-22 17:00:00,2026-04-22 17:22:00,2026-04-22,2026-04,Wednesday,17,114,DELAYED,C07,22,16-30,False,True,False,43
AF01120043,Air France,FRA,CDG,FRA-CDG,2026-01-12 18:30:00,2026-01-12 18:57:00,2026-01-12,2026-01,Monday,18,155,DELAYED,B16,27,16-30,False,True,False,44
UA06200044,United Airlines,FRA,MUC,FRA-MUC,2026-06-20 16:25:00,2026-06-20 16:10:00,2026-06-20,2026-06,Saturday,16,208,ON_TIME,E02,0,ON_TIME,True,False,False,45
KL04150045,KLM,FRA,JFK,FRA-JFK,2026-04-15 16:10:00,2026-04-15 16:09:00,2026-04-15,2026-04,Wednesday,16,249,ON_TIME,A18,0,ON_TIME,True,False,False,46
EK03020048,Emirates,FRA,MUC,FRA-MUC,2026-03-02 14:45:00,2026-03-02 14:34:00,2026-03-02,2026-03,Monday,14,78,ON_TIME,B03,0,ON_TIME,True,False,False,49
IB01190049,Iberia,FRA,PMI,FRA-PMI,2026-01-19 20:10:00,2026-01-19 19:55:00,2026-01-19,2026-01,Monday,20,259,ON_TIME,B03,0,ON_TIME,True,False,False,50
LH03050051,Lufthansa,FRA,ZRH,FRA-ZRH,2026-03-05 09:15:00,2026-03-05 09:00:00,2026-03-05,2026-03,Thursday,9,217,ON_TIME,D04,0,ON_TIME,True,False,False,52
UA04250052,United Airlines,FRA,ZRH,FRA-ZRH,2026-04-25 11:15:00,2026-04-25 11:36:00,2026-04-25,2026-04,Saturday,11,196,DELAYED,E02,21,16-30,False,True,False,53
IB03030053,Iberia,FRA,JFK,FRA-JFK,2026-03-03 14:15:00,2026-03-03 14:25:00,2026-03-03,2026-03,Tuesday,14,96,ON_TIME,A18,10,ON_TIME,True,False,False,54
BA04090054,British Airways,FRA,LHR,FRA-LHR,2026-04-09 09:45:00,2026-04-09 10:18:00,2026-04-09,2026-04,Thursday,9,293,DELAYED,C07,33,31-60,False,True,False,55
LH04180055,Lufthansa,FRA,LHR,FRA-LHR,2026-04-18 18:25:00,2026-04-18 19:28:00,2026-04-18,2026-04,Saturday,18,299,DELAYED,A05,63,61-120,False,True,False,56
EK04100056,Emirates,FRA,CDG,FRA-CDG,2026-04-10 19:20:00,2026-04-10 19:40:00,2026-04-10,2026-04,Friday,19,167,DELAYED,D04,20,16-30,False,True,False,57
AF04220057,Air France,FRA,CDG,FRA-CDG,2026-04-22 20:30:00,2026-04-22 20:23:00,2026-04-22,2026-04,Wednesday,20,294,ON_TIME,A18,0,ON_TIME,True,False,False,58
LH06010058,Lufthansa,FRA,MAD,FRA-MAD,2026-06-01 05:35:00,2026-06-01 05:20:00,2026-06-01,2026-06,Monday,5,291,ON_TIME,A18,0,ON_TIME,True,False,False,59
LH04080059,Lufthansa,FRA,CDG,FRA-CDG,2026-04-08 15:45:00,2026-04-08 15:33:00,2026-04-08,2026-04,Wednesday,15,270,ON_TIME,B09,0,ON_TIME,True,False,False,60
DE01050060,Condor,FRA,VIE,FRA-VIE,2026-01-05 22:30:00,2026-01-05 23:26:00,2026-01-05,2026-01,Monday,22,90,DELAYED,A05,56,31-60,False,True,False,61
LH02210061,Lufthansa,FRA,LHR,FRA-LHR,2026-02-21 06:25:00,2026-02-21 07:04:00,2026-02-21,2026-02,Saturday,6,166,DELAYED,D04,39,31-60,False,True,False,62
KL02120062,KLM,FRA,AMS,FRA-AMS,2026-02-12 08:40:00,2026-02-12 09:19:00,2026-02-12,2026-02,Thursday,8,68,DELAYED,B09,39,31-60,False,True,False,63
UA02200063,United Airlines,FRA,MAD,FRA-MAD,2026-02-20 08:25:00,2026-02-20 08:31:00,2026-02-20,2026-02,Friday,8,116,ON_TIME,Z15,6,ON_TIME,True,False,False,64
LH05170064,Lufthansa,FRA,AMS,FRA-AMS,2026-05-17 19:00:00,2026-05-17 19:06:00,2026-05-17,2026-05,Sunday,19,61,ON_TIME,C07,6,ON_TIME,True,False,False,65
IB04210065,Iberia,FRA,MUC,FRA-MUC,2026-04-21 17:15:00,2026-04-21 17:00:00,2026-04-21,2026-04,Tuesday,17,193,ON_TIME,Z15,0,ON_TIME,True,False,False,66
IB04220066,Iberia,FRA,VIE,FRA-VIE,2026-04-22 14:00:00,2026-04-22 14:29:00,2026-04-22,2026-04,Wednesday,14,99,DELAYED,B09,29,16-30,False,True,False,67
IB04290067,Iberia,FRA,LHR,FRA-LHR,2026-04-29 18:00:00,,2026-04-29,2026-04,Wednesday,18,25,CANCELLED,B09,0,CANCELLED,False,False,True,68
EK06020068,Emirates,FRA,CDG,FRA-CDG,2026-06-02 14:20:00,,2026-06-02,2026-06,Tuesday,14,2,CANCELLED,B03,0,CANCELLED,False,False,True,69
UA05230069,United Airlines,FRA,VIE,FRA-VIE,2026-05-23 13:15:00,2026-05-23 13:00:00,2026-05-23,2026-05,Saturday,13,168,ON_TIME,C07,0,ON_TIME,True,False,False,70
IB03200071,Iberia,FRA,CDG,FRA-CDG,2026-03-20 13:45:00,2026-03-20 14:03:00,2026-03-20,2026-03,Friday,13,149,DELAYED,B03,18,16-30,False,True,False,72
AF05040072,Air France,FRA,DXB,FRA-DXB,2026-05-04 14:25:00,2026-05-04 14:50:00,2026-05-04,2026-05,Monday,14,199,DELAYED,A12,25,16-30,False,True,False,73
AF02280073,Air France,FRA,CDG,FRA-CDG,2026-02-28 16:40:00,2026-02-28 17:42:00,2026-02-28,2026-02,Saturday,16,204,DELAYED,A18,62,61-120,False,True,False,74
IB01040074,Iberia,FRA,MUC,FRA-MUC,2026-01-04 15:15:00,2026-01-04 15:17:00,2026-01-04,2026-01,Sunday,15,81,ON_TIME,B09,2,ON_TIME,True,False,False,75
IB01170075,Iberia,FRA,MUC,FRA-MUC,2026-01-17 18:15:00,2026-01-17 18:24:00,2026-01-17,2026-01,Saturday,18,210,ON_TIME,A12,9,ON_TIME,True,False,False,76
AF05230076,Air France,FRA,MUC,FRA-MUC,2026-05-23 19:25:00,2026-05-23 19:33:00,2026-05-23,2026-05,Saturday,19,322,ON_TIME,C07,8,ON_TIME,True,False,False,77
IB03180077,Iberia,FRA,VIE,FRA-VIE,2026-03-18 18:50:00,2026-03-18 20:01:00,2026-03-18,2026-03,Wednesday,18,161,DELAYED,B03,71,61-120,False,True,False,78
KL01210078,KLM,FRA,JFK,FRA-JFK,2026-01-21 10:45:00,2026-01-21 12:07:00,2026-01-21,2026-01,Wednesday,10,264,DELAYED,D04,82,61-120,False,True,False,79
IB01090079,Iberia,FRA,CDG,FRA-CDG,2026-01-09 12:50:00,2026-01-09 12:56:00,2026-01-09,2026-01,Friday,12,190,ON_TIME,Z15,6,ON_TIME,True,False,False,80
AF01300080,Air France,FRA,MAD,FRA-MAD,2026-01-30 22:45:00,2026-01-30 22:34:00,2026-01-30,2026-01,Friday,22,127,ON_TIME,A12,0,ON_TIME,True,False,False,81
LH03200081,Lufthansa,FRA,HAM,FRA-HAM,2026-03-20 15:15:00,2026-03-20 15:15:00,2026-03-20,2026-03,Friday,15,311,ON_TIME,E02,0,ON_TIME,True,False,False,82
IB01210082,Iberia,FRA,VIE,FRA-VIE,2026-01-21 07:10:00,2026-01-21 06:55:00,2026-01-21,2026-01,Wednesday,7,68,ON_TIME,A12,0,ON_TIME,True,False,False,83
AF05280083,Air France,FRA,JFK,FRA-JFK,2026-05-28 05:50:00,2026-05-28 06:05:00,2026-05-28,2026-05,Thursday,5,281,ON_TIME,B09,15,ON_TIME,True,False,False,84
BA04220084,British Airways,FRA,PMI,FRA-PMI,2026-04-22 20:35:00,2026-04-22 20:34:00,2026-04-22,2026-04,Wednesday,20,219,ON_TIME,A12,0,ON_TIME,True,False,False,85
BA04160085,British Airways,FRA,AMS,FRA-AMS,2026-04-16 20:50:00,2026-04-16 21:31:00,2026-04-16,2026-04,Thursday,20,216,DELAYED,B09,41,31-60,False,True,False,86
EK04140086,Emirates,FRA,MUC,FRA-MUC,2026-04-14 21:30:00,2026-04-14 22:08:00,2026-04-14,2026-04,Tuesday,21,266,DELAYED,A05,38,31-60,False,True,False,87
AF04030087,Air France,FRA,ZRH,FRA-ZRH,2026-04-03 21:15:00,2026-04-03 21:38:00,2026-04-03,2026-04,Friday,21,279,DELAYED,D04,23,16-30,False,True,False,88
DE06110088,Condor,FRA,BER,FRA-BER,2026-06-11 12:40:00,2026-06-11 15:00:00,2026-06-11,2026-06,Thursday,12,102,DELAYED,B03,140,120+,False,True,False,89
DE01310089,Condor,FRA,VIE,FRA-VIE,2026-01-31 10:15:00,2026-01-31 10:19:00,2026-01-31,2026-01,Saturday,10,302,ON_TIME,D04,4,ON_TIME,True,False,False,90
AF05220090,Air France,FRA,VIE,FRA-VIE,2026-05-22 10:10:00,2026-05-22 11:00:00,2026-05-22,2026-05,Friday,10,124,DELAYED,A12,50,31-60,False,True,False,91
AF03030093,Air France,FRA,DXB,FRA-DXB,2026-03-03 17:45:00,2026-03-03 17:41:00,2026-03-03,2026-03,Tuesday,17,250,ON_TIME,C07,0,ON_TIME,True,False,False,94
BA01100094,British Airways,FRA,VIE,FRA-VIE,2026-01-10 10:20:00,2026-01-10 10:45:00,2026-01-10,2026-01,Saturday,10,106,DELAYED,D04,25,16-30,False,True,False,95
DE04270095,Condor,FRA,ZRH,FRA-ZRH,2026-04-27 05:40:00,2026-04-27 05:46:00,2026-04-27,2026-04,Monday,5,190,ON_TIME,B16,6,ON_TIME,True,False,False,96
UA01210096,United Airlines,FRA,JFK,FRA-JFK,2026-01-21 16:20:00,2026-01-21 16:23:00,2026-01-21,2026-01,Wednesday,16,304,ON_TIME,E02,3,ON_TIME,True,False,False,97
LH01180097,Lufthansa,FRA,PMI,FRA-PMI,2026-01-18 12:50:00,2026-01-18 13:03:00,2026-01-18,2026-01,Sunday,12,106,ON_TIME,D04,13,ON_TIME,True,False,False,98
BA03180098,British Airways,FRA,DXB,FRA-DXB,2026-03-18 05:30:00,2026-03-18 06:48:00,2026-03-18,2026-03,Wednesday,5,246,DELAYED,C07,78,61-120,False,True,False,99
BA05160099,British Airways,FRA,LHR,FRA-LHR,2026-05-16 19:25:00,2026-05-16 19:45:00,2026-05-16,2026-05,Saturday,19,250,DELAYED,Z15,20,16-30,False,True,False,100
AF05300100,Air France,FRA,VIE,FRA-VIE,2026-05-30 09:45:00,2026-05-30 10:12:00,2026-05-30,2026-05,Saturday,9,185,DELAYED,A05,27,16-30,False,True,False,101
IB06230101,Iberia,FRA,CDG,FRA-CDG,2026-06-23 22:40:00,2026-06-24 00:01:00,2026-06-23,2026-06,Tuesday,22,272,DELAYED,B09,81,61-120,False,True,False,102
IB02200102,Iberia,FRA,CDG,FRA-CDG,2026-02-20 18:15:00,2026-02-20 18:05:00,2026-02-20,2026-02,Friday,18,238,ON_TIME,Z15,0,ON_TIME,True,False,False,103
KL03170103,KLM,FRA,DXB,FRA-DXB,2026-03-17 06:10:00,2026-03-17 05:55:00,2026-03-17,2026-03,Tuesday,6,80,ON_TIME,Z15,0,ON_TIME,True,False,False,104
IB02280104,Iberia,FRA,CDG,FRA-CDG,2026-02-28 16:45:00,2026-02-28 16:44:00,2026-02-28,2026-02,Saturday,16,125,ON_TIME,A12,0,ON_TIME,True,False,False,105
LH04230105,Lufthansa,FRA,CDG,FRA-CDG,2026-04-23 07:25:00,2026-04-23 08:15:00,2026-04-23,2026-04,Thursday,7,267,DELAYED,A18,50,31-60,False,True,False,106
AF05190106,Air France,FRA,HAM,FRA-HAM,2026-05-19 17:20:00,2026-05-19 18:13:00,2026-05-19,2026-05,Tuesday,17,139,DELAYED,B09,53,31-60,False,True,False,107
IB03280107,Iberia,FRA,CDG,FRA-CDG,2026-03-28 09:15:00,2026-03-28 10:09:00,2026-03-28,2026-03,Saturday,9,258,DELAYED,E02,54,31-60,False,True,False,108
EK04120108,Emirates,FRA,MUC,FRA-MUC,2026-04-12 05:50:00,2026-04-12 06:52:00,2026-04-12,2026-04,Sunday,5,189,DELAYED,Z15,62,61-120,False,True,False,109
UA04060109,United Airlines,FRA,JFK,FRA-JFK,2026-04-06 08:45:00,2026-04-06 08:30:00,2026-04-06,2026-04,Monday,8,168,ON_TIME,A12,0,ON_TIME,True,False,False,110
IB03190110,Iberia,FRA,DXB,FRA-DXB,2026-03-19 18:35:00,2026-03-19 18:20:00,2026-03-19,2026-03,Thursday,18,210,ON_TIME,D04,0,ON_TIME,True,False,False,111
DE03020111,Condor,FRA,MUC,FRA-MUC,2026-03-02 22:40:00,2026-03-02 22:25:00,2026-03-02,2026-03,Monday,22,269,ON_TIME,Z15,0,ON_TIME,True,False,False,112
BA06170112,British Airways,FRA,MAD,FRA-MAD,2026-06-17 09:15:00,2026-06-17 10:11:00,2026-06-17,2026-06,Wednesday,9,198,DELAYED,A05,56,31-60,False,True,False,113
EK04240113,Emirates,FRA,LHR,FRA-LHR,2026-04-24 19:45:00,2026-04-24 20:29:00,2026-04-24,2026-04,Friday,19,238,DELAYED,A05,44,31-60,False,True,False,114
UA02180114,United Airlines,FRA,CDG,FRA-CDG,2026-02-18 09:15:00,2026-02-18 09:50:00,2026-02-18,2026-02,Wednesday,9,65,DELAYED,A05,35,31-60,False,True,False,115
EK02020115,Emirates,FRA,LHR,FRA-LHR,2026-02-02 11:35:00,2026-02-02 11:20:00,2026-02-02,2026-02,Monday,11,174,ON_TIME,B16,0,ON_TIME,True,False,False,116
BA01010116,British Airways,FRA,PMI,FRA-PMI,2026-01-01 13:40:00,2026-01-01 13:43:00,2026-01-01,2026-01,Thursday,13,144,ON_TIME,A12,3,ON_TIME,True,False,False,117
LH01040117,Lufthansa,FRA,HAM,FRA-HAM,2026-01-04 16:45:00,2026-01-04 17:18:00,2026-01-04,2026-01,Sunday,16,270,DELAYED,E02,33,31-60,False,True,False,118
DE01170118,Condor,FRA,DXB,FRA-DXB,2026-01-17 21:15:00,2026-01-17 21:31:00,2026-01-17,2026-01,Saturday,21,110,DELAYED,D04,16,16-30,False,True,False,119
AF01120119,Air France,FRA,PMI,FRA-PMI,2026-01-12 21:50:00,2026-01-12 22:12:00,2026-01-12,2026-01,Monday,21,260,DELAYED,C07,22,16-30,False,True,False,120
DE04240120,Condor,FRA,VIE,FRA-VIE,2026-04-24 07:35:00,2026-04-24 07:47:00,2026-04-24,2026-04,Friday,7,119,ON_TIME,B09,12,ON_TIME,True,False,False,121
EK06020121,Emirates,FRA,MAD,FRA-MAD,2026-06-02 21:50:00,2026-06-02 21:55:00,2026-06-02,2026-06,Tuesday,21,165,ON_TIME,C07,5,ON_TIME,True,False,False,122
IB04160122,Iberia,FRA,LHR,FRA-LHR,2026-04-16 16:15:00,2026-04-16 16:22:00,2026-04-16,2026-04,Thursday,16,215,ON_TIME,C07,7,ON_TIME,True,False,False,123
EK03070123,Emirates,FRA,JFK,FRA-JFK,2026-03-07 16:40:00,2026-03-07 16:44:00,2026-03-07,2026-03,Saturday,16,276,ON_TIME,A12,4,ON_TIME,True,False,False,124
EK05230124,Emirates,FRA,HAM,FRA-HAM,2026-05-23 07:25:00,2026-05-23 07:41:00,2026-05-23,2026-05,Saturday,7,117,DELAYED,C07,16,16-30,False,True,False,125
EK04190125,Emirates,FRA,JFK,FRA-JFK,2026-04-19 06:50:00,2026-04-19 06:45:00,2026-04-19,2026-04,Sunday,6,301,ON_TIME,B03,0,ON_TIME,True,False,False,126
BA06180128,British Airways,FRA,PMI,FRA-PMI,2026-06-18 17:35:00,2026-06-18 17:29:00,2026-06-18,2026-06,Thursday,17,70,ON_TIME,A12,0,ON_TIME,True,False,False,129
AF04180129,Air France,FRA,MAD,FRA-MAD,2026-04-18 20:00:00,2026-04-18 20:06:00,2026-04-18,2026-04,Saturday,20,98,ON_TIME,A05,6,ON_TIME,True,False,False,130
BA06080130,British Airways,FRA,HAM,FRA-HAM,2026-06-08 06:35:00,2026-06-08 07:09:00,2026-06-08,2026-06,Monday,6,303,DELAYED,Z15,34,31-60,False,True,False,131
IB03110131,Iberia,FRA,MAD,FRA-MAD,2026-03-11 12:20:00,2026-03-11 12:16:00,2026-03-11,2026-03,Wednesday,12,304,ON_TIME,E02,0,ON_TIME,True,False,False,132
KL02260132,KLM,FRA,BER,FRA-BER,2026-02-26 18:25:00,2026-02-26 18:47:00,2026-02-26,2026-02,Thursday,18,163,DELAYED,A18,22,16-30,False,True,False,133
KL03250133,KLM,FRA,CDG,FRA-CDG,2026-03-25 08:30:00,2026-03-25 08:33:00,2026-03-25,2026-03,Wednesday,8,172,ON_TIME,E02,3,ON_TIME,True,False,False,134
EK04120134,Emirates,FRA,MUC,FRA-MUC,2026-04-12 07:10:00,,2026-04-12,2026-04,Sunday,7,10,CANCELLED,Z15,0,CANCELLED,False,False,True,135
UA04140135,United Airlines,FRA,PMI,FRA-PMI,2026-04-14 18:50:00,2026-04-14 19:25:00,2026-04-14,2026-04,Tuesday,18,290,DELAYED,B16,35,31-60,False,True,False,136
EK03270137,Emirates,FRA,LHR,FRA-LHR,2026-03-27 10:35:00,2026-03-27 11:11:00,2026-03-27,2026-03,Friday,10,233,DELAYED,B16,36,31-60,False,True,False,138
BA01270138,British Airways,FRA,LHR,FRA-LHR,2026-01-27 09:50:00,2026-01-27 10:23:00,2026-01-27,2026-01,Tuesday,9,93,DELAYED,A18,33,31-60,False,True,False,139
IB05250139,Iberia,FRA,VIE,FRA-VIE,2026-05-25 20:25:00,2026-05-25 21:00:00,2026-05-25,2026-05,Monday,20,216,DELAYED,A18,35,31-60,False,True,False,140
IB05010140,Iberia,FRA,MUC,FRA-MUC,2026-05-01 19:50:00,2026-05-01 20:02:00,2026-05-01,2026-05,Friday,19,235,ON_TIME,E02,12,ON_TIME,True,False,False,141
DE04290141,Condor,FRA,CDG,FRA-CDG,2026-04-29 19:30:00,2026-04-29 19:49:00,2026-04-29,2026-04,Wednesday,19,101,DELAYED,Z15,19,16-30,False,True,False,142
IB02080143,Iberia,FRA,ZRH,FRA-ZRH,2026-02-08 07:15:00,2026-02-08 07:47:00,2026-02-08,2026-02,Sunday,7,313,DELAYED,A18,32,31-60,False,True,False,144
LH04230144,Lufthansa,FRA,LHR,FRA-LHR,2026-04-23 20:20:00,2026-04-23 20:21:00,2026-04-23,2026-04,Thursday,20,245,ON_TIME,B09,1,ON_TIME,True,False,False,145
UA03280145,United Airlines,FRA,MAD,FRA-MAD,2026-03-28 07:00:00,2026-03-28 07:44:00,2026-03-28,2026-03,Saturday,7,131,DELAYED,B16,44,31-60,False,True,False,146
UA04030148,United Airlines,FRA,ZRH,FRA-ZRH,2026-04-03 06:00:00,2026-04-03 05:45:00,2026-04-03,2026-04,Friday,6,229,ON_TIME,D04,0,ON_TIME,True,False,False,149
AF02050149,Air France,FRA,LHR,FRA-LHR,2026-02-05 09:35:00,2026-02-05 09:56:00,2026-02-05,2026-02,Thursday,9,324,DELAYED,A05,21,16-30,False,True,False,150
EK02030150,Emirates,FRA,PMI,FRA-PMI,2026-02-03 17:40:00,2026-02-03 17:26:00,2026-02-03,2026-02,Tuesday,17,139,ON_TIME,D04,0,ON_TIME,True,False,False,151
LH04040151,Lufthansa,FRA,MAD,FRA-MAD,2026-04-04 13:15:00,2026-04-04 13:30:00,2026-04-04,2026-04,Saturday,13,177,ON_TIME,B09,15,ON_TIME,True,False,False,152
IB04050152,Iberia,FRA,LHR,FRA-LHR,2026-04-05 20:15:00,2026-04-05 20:00:00,2026-04-05,2026-04,Sunday,20,312,ON_TIME,E02,0,ON_TIME,True,False,False,153
KL02110154,KLM,FRA,MUC,FRA-MUC,2026-02-11 14:15:00,2026-02-11 14:32:00,2026-02-11,2026-02,Wednesday,14,278,DELAYED,A12,17,16-30,False,True,False,155
AF03310155,Air France,FRA,VIE,FRA-VIE,2026-03-31 06:10:00,2026-03-31 06:06:00,2026-03-31,2026-03,Tuesday,6,246,ON_TIME,B03,0,ON_TIME,True,False,False,156
LH01260156,Lufthansa,FRA,AMS,FRA-AMS,2026-01-26 15:40:00,2026-01-26 15:54:00,2026-01-26,2026-01,Monday,15,296,ON_TIME,A18,14,ON_TIME,True,False,False,157
IB06070157,Iberia,FRA,VIE,FRA-VIE,2026-06-07 05:35:00,,2026-06-07,2026-06,Sunday,5,19,CANCELLED,E02,0,CANCELLED,False,False,True,158
UA03150158,United Airlines,FRA,MUC,FRA-MUC,2026-03-15 12:50:00,2026-03-15 13:17:00,2026-03-15,2026-03,Sunday,12,289,DELAYED,A12,27,16-30,False,True,False,159
DE06020159,Condor,FRA,VIE,FRA-VIE,2026-06-02 22:30:00,2026-06-02 22:15:00,2026-06-02,2026-06,Tuesday,22,55,ON_TIME,Z15,0,ON_TIME,True,False,False,160
EK05270160,Emirates,FRA,LHR,FRA-LHR,2026-05-27 18:40:00,2026-05-27 18:37:00,2026-05-27,2026-05,Wednesday,18,239,ON_TIME,A12,0,ON_TIME,True,False,False,161
LH05010161,Lufthansa,FRA,MAD,FRA-MAD,2026-05-01 07:10:00,2026-05-01 07:24:00,2026-05-01,2026-05,Friday,7,231,ON_TIME,B03,14,ON_TIME,True,False,False,162
DE03270162,Condor,FRA,PMI,FRA-PMI,2026-03-27 09:30:00,2026-03-27 09:48:00,2026-03-27,2026-03,Friday,9,144,DELAYED,D04,18,16-30,False,True,False,163
IB02160163,Iberia,FRA,JFK,FRA-JFK,2026-02-16 09:35:00,2026-02-16 09:55:00,2026-02-16,2026-02,Monday,9,157,DELAYED,A05,20,16-30,False,True,False,164
EK05120164,Emirates,FRA,CDG,FRA-CDG,2026-05-12 18:20:00,2026-05-12 20:39:00,2026-05-12,2026-05,Tuesday,18,152,DELAYED,B09,139,120+,False,True,False,165
EK06170165,Emirates,FRA,BER,FRA-BER,2026-06-17 15:50:00,2026-06-17 15:35:00,2026-06-17,2026-06,Wednesday,15,252,ON_TIME,B16,0,ON_TIME,True,False,False,166
BA06270166,British Airways,FRA,VIE,FRA-VIE,2026-06-27 21:00:00,2026-06-27 21:51:00,2026-06-27,2026-06,Saturday,21,97,DELAYED,C07,51,31-60,False,True,False,167
DE06040167,Condor,FRA,MAD,FRA-MAD,2026-06-04 11:20:00,2026-06-04 11:51:00,2026-06-04,2026-06,Thursday,11,283,DELAYED,Z15,31,31-60,False,True,False,168
UA06260168,United Airlines,FRA,HAM,FRA-HAM,2026-06-26 20:00:00,2026-06-26 20:27:00,2026-06-26,2026-06,Friday,20,235,DELAYED,Z15,27,16-30,False,True,False,169
UA06130169,United Airlines,FRA,CDG,FRA-CDG,2026-06-13 06:35:00,2026-06-13 06:25:00,2026-06-13,2026-06,Saturday,6,136,ON_TIME,A05,0,ON_TIME,True,False,False,170
UA01090171,United Airlines,FRA,PMI,FRA-PMI,2026-01-09 10:15:00,2026-01-09 10:01:00,2026-01-09,2026-01,Friday,10,326,ON_TIME,B16,0,ON_TIME,True,False,False,172
UA06160172,United Airlines,FRA,AMS,FRA-AMS,2026-06-16 13:45:00,2026-06-16 15:36:00,2026-06-16,2026-06,Tuesday,13,310,DELAYED,E02,111,61-120,False,True,False,173
UA01310173,United Airlines,FRA,ZRH,FRA-ZRH,2026-01-31 13:50:00,2026-01-31 14:11:00,2026-01-31,2026-01,Saturday,13,306,DELAYED,B03,21,16-30,False,True,False,174
DE01190174,Condor,FRA,HAM,FRA-HAM,2026-01-19 19:40:00,2026-01-19 20:26:00,2026-01-19,2026-01,Monday,19,99,DELAYED,B16,46,31-60,False,True,False,175
EK01170175,Emirates,FRA,DXB,FRA-DXB,2026-01-17 23:20:00,2026-01-17 23:30:00,2026-01-17,2026-01,Saturday,23,144,ON_TIME,B16,10,ON_TIME,True,False,False,176
AF02210176,Air France,FRA,MUC,FRA-MUC,2026-02-21 09:45:00,2026-02-21 12:07:00,2026-02-21,2026-02,Saturday,9,243,DELAYED,D04,142,120+,False,True,False,177
BA01230177,British Airways,FRA,PMI,FRA-PMI,2026-01-23 07:50:00,2026-01-23 07:58:00,2026-01-23,2026-01,Friday,7,264,ON_TIME,Z15,8,ON_TIME,True,False,False,178
DE03230178,Condor,FRA,HAM,FRA-HAM,2026-03-23 08:15:00,2026-03-23 08:02:00,2026-03-23,2026-03,Monday,8,120,ON_TIME,E02,0,ON_TIME,True,False,False,179
BA04210179,British Airways,FRA,HAM,FRA-HAM,2026-04-21 21:30:00,2026-04-21 21:24:00,2026-04-21,2026-04,Tuesday,21,170,ON_TIME,B16,0,ON_TIME,True,False,False,180
KL03060180,KLM,FRA,MUC,FRA-MUC,2026-03-06 12:20:00,2026-03-06 12:32:00,2026-03-06,2026-03,Friday,12,328,ON_TIME,A12,12,ON_TIME,True,False,False,181
BA05290181,British Airways,FRA,PMI,FRA-PMI,2026-05-29 09:40:00,2026-05-29 09:48:00,2026-05-29,2026-05,Friday,9,76,ON_TIME,A05,8,ON_TIME,True,False,False,182
DE06140182,Condor,FRA,BER,FRA-BER,2026-06-14 13:45:00,2026-06-14 13:30:00,2026-06-14,2026-06,Sunday,13,70,ON_TIME,D04,0,ON_TIME,True,False,False,183
KL03190183,KLM,FRA,JFK,FRA-JFK,2026-03-19 20:45:00,2026-03-19 21:43:00,2026-03-19,2026-03,Thursday,20,135,DELAYED,D04,58,31-60,False,True,False,184
UA04290184,United Airlines,FRA,VIE,FRA-VIE,2026-04-29 12:00:00,2026-04-29 11:55:00,2026-04-29,2026-04,Wednesday,12,218,ON_TIME,B16,0,ON_TIME,True,False,False,185
UA04050185,United Airlines,FRA,HAM,FRA-HAM,2026-04-05 22:20:00,2026-04-05 22:35:00,2026-04-05,2026-04,Sunday,22,127,ON_TIME,A12,15,ON_TIME,True,False,False,186
LH04090186,Lufthansa,FRA,CDG,FRA-CDG,2026-04-09 18:45:00,2026-04-09 19:11:00,2026-04-09,2026-04,Thursday,18,222,DELAYED,Z15,26,16-30,False,True,False,187
EK02100187,Emirates,FRA,LHR,FRA-LHR,2026-02-10 21:20:00,2026-02-10 21:54:00,2026-02-10,2026-02,Tuesday,21,256,DELAYED,E02,34,31-60,False,True,False,188
LH04210189,Lufthansa,FRA,MUC,FRA-MUC,2026-04-21 09:50:00,2026-04-21 10:06:00,2026-04-21,2026-04,Tuesday,9,154,DELAYED,B16,16,16-30,False,True,False,190
KL04090190,KLM,FRA,MUC,FRA-MUC,2026-04-09 22:15:00,2026-04-09 22:06:00,2026-04-09,2026-04,Thursday,22,115,ON_TIME,A18,0,ON_TIME,True,False,False,191
DE04060191,Condor,FRA,MAD,FRA-MAD,2026-04-06 16:20:00,2026-04-06 16:34:00,2026-04-06,2026-04,Monday,16,311,ON_TIME,A05,14,ON_TIME,True,False,False,192
LH02050192,Lufthansa,FRA,BER,FRA-BER,2026-02-05 16:15:00,2026-02-05 16:13:00,2026-02-05,2026-02,Thursday,16,318,ON_TIME,A18,0,ON_TIME,True,False,False,193
EK03230193,Emirates,FRA,PMI,FRA-PMI,2026-03-23 11:10:00,2026-03-23 11:23:00,2026-03-23,2026-03,Monday,11,315,ON_TIME,E02,13,ON_TIME,True,False,False,194
IB05250194,Iberia,FRA,DXB,FRA-DXB,2026-05-25 15:15:00,2026-05-25 15:09:00,2026-05-25,2026-05,Monday,15,111,ON_TIME,C07,0,ON_TIME,True,False,False,195
KL06260195,KLM,FRA,DXB,FRA-DXB,2026-06-26 06:25:00,2026-06-26 07:20:00,2026-06-26,2026-06,Friday,6,171,DELAYED,A05,55,31-60,False,True,False,196
IB05150196,Iberia,FRA,HAM,FRA-HAM,2026-05-15 17:40:00,2026-05-15 17:45:00,2026-05-15,2026-05,Friday,17,111,ON_TIME,B03,5,ON_TIME,True,False,False,197
LH03220197,Lufthansa,FRA,VIE,FRA-VIE,2026-03-22 18:40:00,2026-03-22 19:02:00,2026-03-22,2026-03,Sunday,18,296,DELAYED,A05,22,16-30,False,True,False,198
BA02230198,British Airways,FRA,ZRH,FRA-ZRH,2026-02-23 23:00:00,2026-02-23 23:41:00,2026-02-23,2026-02,Monday,23,247,DELAYED,B16,41,31-60,False,True,False,199
BA05170199,British Airways,FRA,VIE,FRA-VIE,2026-05-17 16:20:00,2026-05-17 16:39:00,2026-05-17,2026-05,Sunday,16,190,DELAYED,Z15,19,16-30,False,True,False,200
IB03050200,Iberia,FRA,LHR,FRA-LHR,2026-03-05 14:20:00,2026-03-05 14:05:00,2026-03-05,2026-03,Thursday,14,207,ON_TIME,B09,0,ON_TIME,True,False,False,201
AF05060201,Air France,FRA,DXB,FRA-DXB,2026-05-06 16:15:00,2026-05-06 17:08:00,2026-05-06,2026-05,Wednesday,16,117,DELAYED,Z15,53,31-60,False,True,False,202
UA03300202,United Airlines,FRA,MAD,FRA-MAD,2026-03-30 09:50:00,,2026-03-30,2026-03,Monday,9,2,CANCELLED,B16,0,CANCELLED,False,False,True,203
IB03070203,Iberia,FRA,JFK,FRA-JFK,2026-03-07 20:45:00,2026-03-07 20:30:00,2026-03-07,2026-03,Saturday,20,125,ON_TIME,A12,0,ON_TIME,True,False,False,204
AF01130204,Air France,FRA,LHR,FRA-LHR,2026-01-13 21:45:00,2026-01-13 23:23:00,2026-01-13,2026-01,Tuesday,21,224,DELAYED,D04,98,61-120,False,True,False,205
DE02050205,Condor,FRA,JFK,FRA-JFK,2026-02-05 06:20:00,2026-02-05 06:53:00,2026-02-05,2026-02,Thursday,6,298,DELAYED,D04,33,31-60,False,True,False,206
AF03240206,Air France,FRA,CDG,FRA-CDG,2026-03-24 14:30:00,2026-03-24 15:13:00,2026-03-24,2026-03,Tuesday,14,173,DELAYED,E02,43,31-60,False,True,False,207
LH04170207,Lufthansa,FRA,HAM,FRA-HAM,2026-04-17 10:30:00,2026-04-17 10:22:00,2026-04-17,2026-04,Friday,10,203,ON_TIME,A05,0,ON_TIME,True,False,False,208
LH05260208,Lufthansa,FRA,CDG,FRA-CDG,2026-05-26 09:00:00,2026-05-26 09:31:00,2026-05-26,2026-05,Tuesday,9,323,DELAYED,D04,31,31-60,False,True,False,209
BA04300209,British Airways,FRA,ZRH,FRA-ZRH,2026-04-30 13:45:00,2026-04-30 13:40:00,2026-04-30,2026-04,Thursday,13,150,ON_TIME,A05,0,ON_TIME,True,False,False,210
EK05260210,Emirates,FRA,CDG,FRA-CDG,2026-05-26 11:40:00,2026-05-26 12:28:00,2026-05-26,2026-05,Tuesday,11,262,DELAYED,C07,48,31-60,False,True,False,211
EK04130211,Emirates,FRA,MUC,FRA-MUC,2026-04-13 08:40:00,2026-04-13 09:59:00,2026-04-13,2026-04,Monday,8,175,DELAYED,D04,79,61-120,False,True,False,212
KL03190212,KLM,FRA,AMS,FRA-AMS,2026-03-19 05:50:00,2026-03-19 06:12:00,2026-03-19,2026-03,Thursday,5,86,DELAYED,A12,22,16-30,False,True,False,213
IB02100213,Iberia,FRA,CDG,FRA-CDG,2026-02-10 18:20:00,2026-02-10 19:05:00,2026-02-10,2026-02,Tuesday,18,206,DELAYED,B16,45,31-60,False,True,False,214
AF02040214,Air France,FRA,LHR,FRA-LHR,2026-02-04 20:40:00,2026-02-04 20:27:00,2026-02-04,2026-02,Wednesday,20,246,ON_TIME,C07,0,ON_TIME,True,False,False,215
IB06200215,Iberia,FRA,ZRH,FRA-ZRH,2026-06-20 11:45:00,2026-06-20 11:30:00,2026-06-20,2026-06,Saturday,11,325,ON_TIME,B16,0,ON_TIME,True,False,False,216
DE01290216,Condor,FRA,PMI,FRA-PMI,2026-01-29 07:20:00,2026-01-29 07:10:00,2026-01-29,2026-01,Thursday,7,329,ON_TIME,A18,0,ON_TIME,True,False,False,217
BA05140217,British Airways,FRA,AMS,FRA-AMS,2026-05-14 19:35:00,2026-05-14 19:43:00,2026-05-14,2026-05,Thursday,19,283,ON_TIME,A05,8,ON_TIME,True,False,False,218
IB05120218,Iberia,FRA,HAM,FRA-HAM,2026-05-12 19:15:00,2026-05-12 19:02:00,2026-05-12,2026-05,Tuesday,19,212,ON_TIME,A05,0,ON_TIME,True,False,False,219
UA01010219,United Airlines,FRA,CDG,FRA-CDG,2026-01-01 12:25:00,2026-01-01 12:10:00,2026-01-01,2026-01,Thursday,12,85,ON_TIME,A12,0,ON_TIME,True,False,False,220
IB03150220,Iberia,FRA,BER,FRA-BER,2026-03-15 18:40:00,2026-03-15 19:11:00,2026-03-15,2026-03,Sunday,18,270,DELAYED,B16,31,31-60,False,True,False,221
BA04110222,British Airways,FRA,ZRH,FRA-ZRH,2026-04-11 21:40:00,2026-04-11 21:29:00,2026-04-11,2026-04,Saturday,21,56,ON_TIME,A05,0,ON_TIME,True,False,False,223
KL06220223,KLM,FRA,VIE,FRA-VIE,2026-06-22 23:10:00,2026-06-22 23:32:00,2026-06-22,2026-06,Monday,23,196,DELAYED,B03,22,16-30,False,True,False,224
DE06190224,Condor,FRA,BER,FRA-BER,2026-06-19 19:25:00,2026-06-19 19:23:00,2026-06-19,2026-06,Friday,19,63,ON_TIME,B03,0,ON_TIME,True,False,False,225
AF01260225,Air France,FRA,MUC,FRA-MUC,2026-01-26 07:15:00,2026-01-26 07:27:00,2026-01-26,2026-01,Monday,7,260,ON_TIME,D04,12,ON_TIME,True,False,False,226
AF02250226,Air France,FRA,ZRH,FRA-ZRH,2026-02-25 06:40:00,2026-02-25 06:47:00,2026-02-25,2026-02,Wednesday,6,218,ON_TIME,Z15,7,ON_TIME,True,False,False,227
EK03190227,Emirates,FRA,LHR,FRA-LHR,2026-03-19 10:20:00,2026-03-19 10:31:00,2026-03-19,2026-03,Thursday,10,144,ON_TIME,C07,11,ON_TIME,True,False,False,228
IB03300228,Iberia,FRA,BER,FRA-BER,2026-03-30 18:20:00,2026-03-30 18:42:00,2026-03-30,2026-03,Monday,18,131,DELAYED,B09,22,16-30,False,True,False,229
UA05180229,United Airlines,FRA,HAM,FRA-HAM,2026-05-18 20:45:00,2026-05-18 20:47:00,2026-05-18,2026-05,Monday,20,84,ON_TIME,E02,2,ON_TIME,True,False,False,230
UA05230230,United Airlines,FRA,MAD,FRA-MAD,2026-05-23 21:40:00,2026-05-23 22:30:00,2026-05-23,2026-05,Saturday,21,224,DELAYED,A12,50,31-60,False,True,False,231
IB01240231,Iberia,FRA,AMS,FRA-AMS,2026-01-24 22:45:00,2026-01-24 23:30:00,2026-01-24,2026-01,Saturday,22,151,DELAYED,Z15,45,31-60,False,True,False,232
AF02230232,Air France,FRA,VIE,FRA-VIE,2026-02-23 15:50:00,2026-02-23 17:36:00,2026-02-23,2026-02,Monday,15,115,DELAYED,D04,106,61-120,False,True,False,233
AF06040233,Air France,FRA,DXB,FRA-DXB,2026-06-04 12:10:00,2026-06-04 11:55:00,2026-06-04,2026-06,Thursday,12,328,ON_TIME,B16,0,ON_TIME,True,False,False,234
KL04030234,KLM,FRA,CDG,FRA-CDG,2026-04-03 22:15:00,2026-04-03 22:16:00,2026-04-03,2026-04,Friday,22,295,ON_TIME,B16,1,ON_TIME,True,False,False,235
AF03220235,Air France,FRA,AMS,FRA-AMS,2026-03-22 18:30:00,2026-03-22 18:46:00,2026-03-22,2026-03,Sunday,18,268,DELAYED,B09,16,16-30,False,True,False,236
BA03260236,British Airways,FRA,LHR,FRA-LHR,2026-03-26 13:10:00,2026-03-26 13:37:00,2026-03-26,2026-03,Thursday,13,227,DELAYED,B09,27,16-30,False,True,False,237
IB06140237,Iberia,FRA,DXB,FRA-DXB,2026-06-14 21:15:00,2026-06-14 21:33:00,2026-06-14,2026-06,Sunday,21,305,DELAYED,A18,18,16-30,False,True,False,238
LH01090238,Lufthansa,FRA,ZRH,FRA-ZRH,2026-01-09 07:30:00,2026-01-09 07:30:00,2026-01-09,2026-01,Friday,7,173,ON_TIME,A12,0,ON_TIME,True,False,False,239
LH05170240,Lufthansa,FRA,BER,FRA-BER,2026-05-17 23:10:00,,2026-05-17,2026-05,Sunday,23,8,CANCELLED,E02,0,CANCELLED,False,False,True,241
KL05090241,KLM,FRA,BER,FRA-BER,2026-05-09 18:40:00,2026-05-09 19:05:00,2026-05-09,2026-05,Saturday,18,324,DELAYED,B09,25,16-30,False,True,False,242
EK04120242,Emirates,FRA,CDG,FRA-CDG,2026-04-12 08:00:00,2026-04-12 08:22:00,2026-04-12,2026-04,Sunday,8,179,DELAYED,B03,22,16-30,False,True,False,243
KL01210243,KLM,FRA,JFK,FRA-JFK,2026-01-21 06:35:00,2026-01-21 06:29:00,2026-01-21,2026-01,Wednesday,6,142,ON_TIME,A12,0,ON_TIME,True,False,False,244
IB06150244,Iberia,FRA,MAD,FRA-MAD,2026-06-15 16:25:00,2026-06-15 16:58:00,2026-06-15,2026-06,Monday,16,325,DELAYED,A05,33,31-60,False,True,False,245
AF06270245,Air France,FRA,LHR,FRA-LHR,2026-06-27 20:50:00,2026-06-27 21:53:00,2026-06-27,2026-06,Saturday,20,71,DELAYED,A18,63,61-120,False,True,False,246
EK02230246,Emirates,FRA,BER,FRA-BER,2026-02-23 10:10:00,2026-02-23 10:49:00,2026-02-23,2026-02,Monday,10,178,DELAYED,Z15,39,31-60,False,True,False,247
UA05190247,United Airlines,FRA,JFK,FRA-JFK,2026-05-19 16:10:00,2026-05-19 17:10:00,2026-05-19,2026-05,Tuesday,16,311,DELAYED,B16,60,31-60,False,True,False,248
LH04220248,Lufthansa,FRA,MUC,FRA-MUC,2026-04-22 12:35:00,2026-04-22 13:44:00,2026-04-22,2026-04,Wednesday,12,258,DELAYED,B16,69,61-120,False,True,False,249
LH03110249,Lufthansa,FRA,JFK,FRA-JFK,2026-03-11 20:15:00,2026-03-11 20:07:00,2026-03-11,2026-03,Wednesday,20,249,ON_TIME,A12,0,ON_TIME,True,False,False,250
KL01190250,KLM,FRA,LHR,FRA-LHR,2026-01-19 07:50:00,2026-01-19 07:56:00,2026-01-19,2026-01,Monday,7,133,ON_TIME,C07,6,ON_TIME,True,False,False,251
EK01280251,Emirates,FRA,AMS,FRA-AMS,2026-01-28 07:30:00,2026-01-28 07:15:00,2026-01-28,2026-01,Wednesday,7,99,ON_TIME,A18,0,ON_TIME,True,False,False,252
UA05230252,United Airlines,FRA,VIE,FRA-VIE,2026-05-23 23:20:00,2026-05-24 01:18:00,2026-05-23,2026-05,Saturday,23,102,DELAYED,Z15,118,61-120,False,True,False,253
EK01040253,Emirates,FRA,MAD,FRA-MAD,2026-01-04 15:10:00,2026-01-04 16:08:00,2026-01-04,2026-01,Sunday,15,179,DELAYED,Z15,58,31-60,False,True,False,254
BA04080254,British Airways,FRA,JFK,FRA-JFK,2026-04-08 10:40:00,2026-04-08 11:20:00,2026-04-08,2026-04,Wednesday,10,129,DELAYED,A12,40,31-60,False,True,False,255
BA03120255,British Airways,FRA,MAD,FRA-MAD,2026-03-12 18:50:00,2026-03-12 19:20:00,2026-03-12,2026-03,Thursday,18,308,DELAYED,Z15,30,16-30,False,True,False,256
AF01280256,Air France,FRA,VIE,FRA-VIE,2026-01-28 09:50:00,,2026-01-28,2026-01,Wednesday,9,19,CANCELLED,C07,0,CANCELLED,False,False,True,257
EK03270257,Emirates,FRA,VIE,FRA-VIE,2026-03-27 19:25:00,2026-03-27 19:14:00,2026-03-27,2026-03,Friday,19,215,ON_TIME,A18,0,ON_TIME,True,False,False,258
UA03160258,United Airlines,FRA,AMS,FRA-AMS,2026-03-16 21:25:00,2026-03-16 22:32:00,2026-03-16,2026-03,Monday,21,198,DELAYED,C07,67,61-120,False,True,False,259
EK05250259,Emirates,FRA,MUC,FRA-MUC,2026-05-25 12:25:00,2026-05-25 15:14:00,2026-05-25,2026-05,Monday,12,291,DELAYED,B03,169,120+,False,True,False,260
IB06270260,Iberia,FRA,CDG,FRA-CDG,2026-06-27 08:10:00,2026-06-27 09:01:00,2026-06-27,2026-06,Saturday,8,210,DELAYED,B03,51,31-60,False,True,False,261
KL02090261,KLM,FRA,JFK,FRA-JFK,2026-02-09 19:10:00,2026-02-09 19:51:00,2026-02-09,2026-02,Monday,19,314,DELAYED,C07,41,31-60,False,True,False,262
LH06290262,Lufthansa,FRA,AMS,FRA-AMS,2026-06-29 23:25:00,2026-06-29 23:37:00,2026-06-29,2026-06,Monday,23,182,ON_TIME,B16,12,ON_TIME,True,False,False,263
BA06060263,British Airways,FRA,JFK,FRA-JFK,2026-06-06 07:25:00,2026-06-06 07:28:00,2026-06-06,2026-06,Saturday,7,275,ON_TIME,A12,3,ON_TIME,True,False,False,264
LH03080264,Lufthansa,FRA,MUC,FRA-MUC,2026-03-08 13:20:00,2026-03-08 13:12:00,2026-03-08,2026-03,Sunday,13,168,ON_TIME,D04,0,ON_TIME,True,False,False,265
EK04290265,Emirates,FRA,MAD,FRA-MAD,2026-04-29 21:40:00,2026-04-29 22:05:00,2026-04-29,2026-04,Wednesday,21,98,DELAYED,A12,25,16-30,False,True,False,266
BA03210266,British Airways,FRA,AMS,FRA-AMS,2026-03-21 16:15:00,2026-03-21 16:31:00,2026-03-21,2026-03,Saturday,16,233,DELAYED,D04,16,16-30,False,True,False,267
DE06280267,Condor,FRA,VIE,FRA-VIE,2026-06-28 20:00:00,2026-06-28 22:18:00,2026-06-28,2026-06,Sunday,20,110,DELAYED,A18,138,120+,False,True,False,268
AF02140268,Air France,FRA,ZRH,FRA-ZRH,2026-02-14 22:40:00,2026-02-14 23:04:00,2026-02-14,2026-02,Saturday,22,291,DELAYED,B03,24,16-30,False,True,False,269
UA02170269,United Airlines,FRA,JFK,FRA-JFK,2026-02-17 11:10:00,2026-02-17 11:20:00,2026-02-17,2026-02,Tuesday,11,274,ON_TIME,C07,10,ON_TIME,True,False,False,270
LH02240270,Lufthansa,FRA,DXB,FRA-DXB,2026-02-24 11:50:00,2026-02-24 11:35:00,2026-02-24,2026-02,Tuesday,11,87,ON_TIME,Z15,0,ON_TIME,True,False,False,271
DE02170271,Condor,FRA,ZRH,FRA-ZRH,2026-02-17 17:00:00,2026-02-17 17:41:00,2026-02-17,2026-02,Tuesday,17,215,DELAYED,Z15,41,31-60,False,True,False,272
UA04110272,United Airlines,FRA,PMI,FRA-PMI,2026-04-11 09:00:00,2026-04-11 09:37:00,2026-04-11,2026-04,Saturday,9,143,DELAYED,B09,37,31-60,False,True,False,273
DE02040273,Condor,FRA,JFK,FRA-JFK,2026-02-04 15:35:00,2026-02-04 16:06:00,2026-02-04,2026-02,Wednesday,15,253,DELAYED,C07,31,31-60,False,True,False,274
BA04090274,British Airways,FRA,PMI,FRA-PMI,2026-04-09 18:40:00,2026-04-09 19:10:00,2026-04-09,2026-04,Thursday,18,143,DELAYED,E02,30,16-30,False,True,False,275
BA03150275,British Airways,FRA,VIE,FRA-VIE,2026-03-15 09:40:00,2026-03-15 09:46:00,2026-03-15,2026-03,Sunday,9,59,ON_TIME,D04,6,ON_TIME,True,False,False,276
BA04090276,British Airways,FRA,LHR,FRA-LHR,2026-04-09 23:20:00,2026-04-09 23:36:00,2026-04-09,2026-04,Thursday,23,306,DELAYED,C07,16,16-30,False,True,False,277
IB02120277,Iberia,FRA,VIE,FRA-VIE,2026-02-12 08:25:00,,2026-02-12,2026-02,Thursday,8,17,CANCELLED,B09,0,CANCELLED,False,False,True,278
BA05250278,British Airways,FRA,VIE,FRA-VIE,2026-05-25 21:20:00,2026-05-25 21:14:00,2026-05-25,2026-05,Monday,21,192,ON_TIME,E02,0,ON_TIME,True,False,False,279
EK01110279,Emirates,FRA,ZRH,FRA-ZRH,2026-01-11 20:20:00,2026-01-11 20:05:00,2026-01-11,2026-01,Sunday,20,181,ON_TIME,B09,0,ON_TIME,True,False,False,280
LH03090280,Lufthansa,FRA,VIE,FRA-VIE,2026-03-09 16:35:00,2026-03-09 17:07:00,2026-03-09,2026-03,Monday,16,176,DELAYED,B03,32,31-60,False,True,False,281
EK06060281,Emirates,FRA,DXB,FRA-DXB,2026-06-06 18:40:00,2026-06-06 19:04:00,2026-06-06,2026-06,Saturday,18,234,DELAYED,E02,24,16-30,False,True,False,282
KL05180282,KLM,FRA,PMI,FRA-PMI,2026-05-18 11:00:00,2026-05-18 10:45:00,2026-05-18,2026-05,Monday,11,191,ON_TIME,E02,0,ON_TIME,True,False,False,283
DE04160283,Condor,FRA,HAM,FRA-HAM,2026-04-16 06:50:00,2026-04-16 07:38:00,2026-04-16,2026-04,Thursday,6,219,DELAYED,B03,48,31-60,False,True,False,284
UA02060284,United Airlines,FRA,VIE,FRA-VIE,2026-02-06 14:10:00,2026-02-06 17:24:00,2026-02-06,2026-02,Friday,14,102,DELAYED,C07,194,120+,False,True,False,285
DE04120286,Condor,FRA,ZRH,FRA-ZRH,2026-04-12 12:10:00,2026-04-12 12:25:00,2026-04-12,2026-04,Sunday,12,220,ON_TIME,B09,15,ON_TIME,True,False,False,287
EK05280287,Emirates,FRA,ZRH,FRA-ZRH,2026-05-28 10:25:00,2026-05-28 10:51:00,2026-05-28,2026-05,Thursday,10,78,DELAYED,A12,26,16-30,False,True,False,288
IB02010288,Iberia,FRA,BER,FRA-BER,2026-02-01 11:15:00,2026-02-01 11:00:00,2026-02-01,2026-02,Sunday,11,274,ON_TIME,B03,0,ON_TIME,True,False,False,289
BA03190289,British Airways,FRA,JFK,FRA-JFK,2026-03-19 10:50:00,2026-03-19 10:58:00,2026-03-19,2026-03,Thursday,10,139,ON_TIME,A05,8,ON_TIME,True,False,False,290
UA03200290,United Airlines,FRA,JFK,FRA-JFK,2026-03-20 13:10:00,2026-03-20 13:32:00,2026-03-20,2026-03,Friday,13,55,DELAYED,B03,22,16-30,False,True,False,291
IB02280292,Iberia,FRA,MUC,FRA-MUC,2026-02-28 17:35:00,2026-02-28 17:51:00,2026-02-28,2026-02,Saturday,17,215,DELAYED,B16,16,16-30,False,True,False,293
KL04080293,KLM,FRA,HAM,FRA-HAM,2026-04-08 09:40:00,2026-04-08 09:25:00,2026-04-08,2026-04,Wednesday,9,234,ON_TIME,B03,0,ON_TIME,True,False,False,294
BA06070294,British Airways,FRA,MAD,FRA-MAD,2026-06-07 19:45:00,2026-06-07 19:46:00,2026-06-07,2026-06,Sunday,19,118,ON_TIME,Z15,1,ON_TIME,True,False,False,295
UA04200295,United Airlines,FRA,AMS,FRA-AMS,2026-04-20 15:40:00,2026-04-20 15:43:00,2026-04-20,2026-04,Monday,15,200,ON_TIME,A05,3,ON_TIME,True,False,False,296
KL05130296,KLM,FRA,LHR,FRA-LHR,2026-05-13 21:45:00,2026-05-13 21:45:00,2026-05-13,2026-05,Wednesday,21,82,ON_TIME,B03,0,ON_TIME,True,False,False,297
IB01290297,Iberia,FRA,MAD,FRA-MAD,2026-01-29 13:15:00,2026-01-29 15:45:00,2026-01-29,2026-01,Thursday,13,217,DELAYED,A18,150,120+,False,True,False,298
UA04180298,United Airlines,FRA,PMI,FRA-PMI,2026-04-18 17:20:00,2026-04-18 17:56:00,2026-04-18,2026-04,Saturday,17,92,DELAYED,A05,36,31-60,False,True,False,299
DE03090299,Condor,FRA,BER,FRA-BER,2026-03-09 11:30:00,2026-03-09 12:07:00,2026-03-09,2026-03,Monday,11,311,DELAYED,C07,37,31-60,False,True,False,300
UA04130300,United Airlines,FRA,DXB,FRA-DXB,2026-04-13 08:20:00,2026-04-13 08:26:00,2026-04-13,2026-04,Monday,8,97,ON_TIME,B09,6,ON_TIME,True,False,False,301
DE02220301,Condor,FRA,ZRH,FRA-ZRH,2026-02-22 10:20:00,2026-02-22 10:05:00,2026-02-22,2026-02,Sunday,10,88,ON_TIME,B09,0,ON_TIME,True,False,False,302
LH06200303,Lufthansa,FRA,CDG,FRA-CDG,2026-06-20 10:35:00,,2026-06-20,2026-06,Saturday,10,11,CANCELLED,E02,0,CANCELLED,False,False,True,304
KL04060304,KLM,FRA,HAM,FRA-HAM,2026-04-06 09:50:00,2026-04-06 10:07:00,2026-04-06,2026-04,Monday,9,70,DELAYED,B16,17,16-30,False,True,False,305
UA05150305,United Airlines,FRA,CDG,FRA-CDG,2026-05-15 07:50:00,2026-05-15 07:55:00,2026-05-15,2026-05,Friday,7,239,ON_TIME,A05,5,ON_TIME,True,False,False,306
IB02120306,Iberia,FRA,PMI,FRA-PMI,2026-02-12 16:40:00,2026-02-12 16:50:00,2026-02-12,2026-02,Thursday,16,114,ON_TIME,B03,10,ON_TIME,True,False,False,307
LH01040307,Lufthansa,FRA,BER,FRA-BER,2026-01-04 12:30:00,2026-01-04 12:34:00,2026-01-04,2026-01,Sunday,12,73,ON_TIME,E02,4,ON_TIME,True,False,False,308
UA03240308,United Airlines,FRA,LHR,FRA-LHR,2026-03-24 13:10:00,2026-03-24 13:33:00,2026-03-24,2026-03,Tuesday,13,94,DELAYED,Z15,23,16-30,False,True,False,309
EK05090309,Emirates,FRA,MUC,FRA-MUC,2026-05-09 06:40:00,2026-05-09 06:47:00,2026-05-09,2026-05,Saturday,6,293,ON_TIME,B09,7,ON_TIME,True,False,False,310
KL01230310,KLM,FRA,AMS,FRA-AMS,2026-01-23 23:15:00,,2026-01-23,2026-01,Friday,23,18,CANCELLED,B09,0,CANCELLED,False,False,True,311
AF03300312,Air France,FRA,ZRH,FRA-ZRH,2026-03-30 06:00:00,,2026-03-30,2026-03,Monday,6,23,CANCELLED,B09,0,CANCELLED,False,False,True,313
AF04160314,Air France,FRA,ZRH,FRA-ZRH,2026-04-16 17:15:00,2026-04-16 17:59:00,2026-04-16,2026-04,Thursday,17,103,DELAYED,E02,44,31-60,False,True,False,315
BA04110315,British Airways,FRA,JFK,FRA-JFK,2026-04-11 08:25:00,2026-04-11 08:10:00,2026-04-11,2026-04,Saturday,8,188,ON_TIME,B16,0,ON_TIME,True,False,False,316
UA03250316,United Airlines,FRA,DXB,FRA-DXB,2026-03-25 16:15:00,2026-03-25 18:04:00,2026-03-25,2026-03,Wednesday,16,124,DELAYED,Z15,109,61-120,False,True,False,317
EK01240319,Emirates,FRA,HAM,FRA-HAM,2026-01-24 13:00:00,2026-01-24 13:33:00,2026-01-24,2026-01,Saturday,13,144,DELAYED,A05,33,31-60,False,True,False,320
UA05230320,United Airlines,FRA,VIE,FRA-VIE,2026-05-23 22:45:00,2026-05-23 23:05:00,2026-05-23,2026-05,Saturday,22,126,DELAYED,A12,20,16-30,False,True,False,321
LH02260321,Lufthansa,FRA,BER,FRA-BER,2026-02-26 09:45:00,2026-02-26 09:35:00,2026-02-26,2026-02,Thursday,9,187,ON_TIME,A12,0,ON_TIME,True,False,False,322
LH02200322,Lufthansa,FRA,MUC,FRA-MUC,2026-02-20 19:40:00,2026-02-20 20:18:00,2026-02-20,2026-02,Friday,19,224,DELAYED,A12,38,31-60,False,True,False,323
LH01130323,Lufthansa,FRA,VIE,FRA-VIE,2026-01-13 11:25:00,2026-01-13 11:35:00,2026-01-13,2026-01,Tuesday,11,273,ON_TIME,A18,10,ON_TIME,True,False,False,324
EK02170324,Emirates,FRA,LHR,FRA-LHR,2026-02-17 13:50:00,2026-02-17 13:36:00,2026-02-17,2026-02,Tuesday,13,180,ON_TIME,B09,0,ON_TIME,True,False,False,325
IB05210325,Iberia,FRA,MAD,FRA-MAD,2026-05-21 20:30:00,2026-05-21 20:25:00,2026-05-21,2026-05,Thursday,20,324,ON_TIME,B03,0,ON_TIME,True,False,False,326
LH04020326,Lufthansa,FRA,MAD,FRA-MAD,2026-04-02 21:20:00,2026-04-02 21:51:00,2026-04-02,2026-04,Thursday,21,312,DELAYED,B16,31,31-60,False,True,False,327
UA02160327,United Airlines,FRA,CDG,FRA-CDG,2026-02-16 06:00:00,2026-02-16 06:57:00,2026-02-16,2026-02,Monday,6,296,DELAYED,E02,57,31-60,False,True,False,328
EK03010328,Emirates,FRA,PMI,FRA-PMI,2026-03-01 10:35:00,2026-03-01 10:57:00,2026-03-01,2026-03,Sunday,10,328,DELAYED,A05,22,16-30,False,True,False,329
AF04100329,Air France,FRA,PMI,FRA-PMI,2026-04-10 16:40:00,2026-04-10 16:25:00,2026-04-10,2026-04,Friday,16,69,ON_TIME,B16,0,ON_TIME,True,False,False,330
BA02180330,British Airways,FRA,PMI,FRA-PMI,2026-02-18 21:20:00,2026-02-18 21:10:00,2026-02-18,2026-02,Wednesday,21,101,ON_TIME,A05,0,ON_TIME,True,False,False,331
AF02260331,Air France,FRA,PMI,FRA-PMI,2026-02-26 06:20:00,2026-02-26 06:18:00,2026-02-26,2026-02,Thursday,6,229,ON_TIME,A18,0,ON_TIME,True,False,False,332
EK01060332,Emirates,FRA,BER,FRA-BER,2026-01-06 10:25:00,2026-01-06 11:08:00,2026-01-06,2026-01,Tuesday,10,111,DELAYED,E02,43,31-60,False,True,False,333
EK04060333,Emirates,FRA,MUC,FRA-MUC,2026-04-06 18:25:00,2026-04-06 18:35:00,2026-04-06,2026-04,Monday,18,278,ON_TIME,D04,10,ON_TIME,True,False,False,334
KL02150335,KLM,FRA,HAM,FRA-HAM,2026-02-15 06:25:00,2026-02-15 09:43:00,2026-02-15,2026-02,Sunday,6,217,DELAYED,Z15,198,120+,False,True,False,336
AF05250336,Air France,FRA,JFK,FRA-JFK,2026-05-25 09:15:00,2026-05-25 09:27:00,2026-05-25,2026-05,Monday,9,176,ON_TIME,B16,12,ON_TIME,True,False,False,337
EK06120337,Emirates,FRA,HAM,FRA-HAM,2026-06-12 08:00:00,2026-06-12 09:29:00,2026-06-12,2026-06,Friday,8,110,DELAYED,A05,89,61-120,False,True,False,338
LH04230338,Lufthansa,FRA,MAD,FRA-MAD,2026-04-23 18:40:00,2026-04-23 19:12:00,2026-04-23,2026-04,Thursday,18,248,DELAYED,B16,32,31-60,False,True,False,339
UA05030339,United Airlines,FRA,MUC,FRA-MUC,2026-05-03 12:40:00,2026-05-03 14:14:00,2026-05-03,2026-05,Sunday,12,108,DELAYED,A12,94,61-120,False,True,False,340
EK04070340,Emirates,FRA,HAM,FRA-HAM,2026-04-07 10:35:00,2026-04-07 10:43:00,2026-04-07,2026-04,Tuesday,10,102,ON_TIME,B16,8,ON_TIME,True,False,False,341
IB01080341,Iberia,FRA,DXB,FRA-DXB,2026-01-08 18:40:00,2026-01-08 18:47:00,2026-01-08,2026-01,Thursday,18,152,ON_TIME,C07,7,ON_TIME,True,False,False,342
KL03140342,KLM,FRA,JFK,FRA-JFK,2026-03-14 14:45:00,2026-03-14 15:02:00,2026-03-14,2026-03,Saturday,14,306,DELAYED,A18,17,16-30,False,True,False,343
LH01010343,Lufthansa,FRA,AMS,FRA-AMS,2026-01-01 18:35:00,2026-01-01 18:32:00,2026-01-01,2026-01,Thursday,18,68,ON_TIME,B03,0,ON_TIME,True,False,False,344
BA03160344,British Airways,FRA,JFK,FRA-JFK,2026-03-16 08:15:00,2026-03-16 08:01:00,2026-03-16,2026-03,Monday,8,258,ON_TIME,D04,0,ON_TIME,True,False,False,345
IB03090345,Iberia,FRA,JFK,FRA-JFK,2026-03-09 08:20:00,2026-03-09 08:18:00,2026-03-09,2026-03,Monday,8,77,ON_TIME,B09,0,ON_TIME,True,False,False,346
EK04160347,Emirates,FRA,ZRH,FRA-ZRH,2026-04-16 13:20:00,2026-04-16 13:12:00,2026-04-16,2026-04,Thursday,13,298,ON_TIME,Z15,0,ON_TIME,True,False,False,348
BA04250349,British Airways,FRA,MUC,FRA-MUC,2026-04-25 10:40:00,2026-04-25 10:58:00,2026-04-25,2026-04,Saturday,10,277,DELAYED,B03,18,16-30,False,True,False,350
BA03080350,British Airways,FRA,PMI,FRA-PMI,2026-03-08 15:35:00,2026-03-08 15:37:00,2026-03-08,2026-03,Sunday,15,221,ON_TIME,B09,2,ON_TIME,True,False,False,351
IB06290351,Iberia,FRA,BER,FRA-BER,2026-06-29 22:10:00,2026-06-29 22:42:00,2026-06-29,2026-06,Monday,22,106,DELAYED,A12,32,31-60,False,True,False,352
DE05180352,Condor,FRA,CDG,FRA-CDG,2026-05-18 17:10:00,2026-05-18 17:49:00,2026-05-18,2026-05,Monday,17,297,DELAYED,A05,39,31-60,False,True,False,353
BA04140353,British Airways,FRA,CDG,FRA-CDG,2026-04-14 10:25:00,2026-04-14 10:37:00,2026-04-14,2026-04,Tuesday,10,224,ON_TIME,B03,12,ON_TIME,True,False,False,354
LH05020354,Lufthansa,FRA,DXB,FRA-DXB,2026-05-02 14:00:00,,2026-05-02,2026-05,Saturday,14,9,CANCELLED,B09,0,CANCELLED,False,False,True,355
KL06280355,KLM,FRA,VIE,FRA-VIE,2026-06-28 08:45:00,2026-06-28 09:25:00,2026-06-28,2026-06,Sunday,8,192,DELAYED,C07,40,31-60,False,True,False,356
DE04240356,Condor,FRA,LHR,FRA-LHR,2026-04-24 12:10:00,2026-04-24 12:20:00,2026-04-24,2026-04,Friday,12,246,ON_TIME,A05,10,ON_TIME,True,False,False,357
BA03210357,British Airways,FRA,MUC,FRA-MUC,2026-03-21 22:10:00,2026-03-22 00:02:00,2026-03-21,2026-03,Saturday,22,157,DELAYED,A05,112,61-120,False,True,False,358
UA02010359,United Airlines,FRA,JFK,FRA-JFK,2026-02-01 05:45:00,2026-02-01 05:47:00,2026-02-01,2026-02,Sunday,5,234,ON_TIME,B16,2,ON_TIME,True,False,False,360
BA06260360,British Airways,FRA,CDG,FRA-CDG,2026-06-26 07:50:00,,2026-06-26,2026-06,Friday,7,24,CANCELLED,B03,0,CANCELLED,False,False,True,361
AF02270361,Air France,FRA,JFK,FRA-JFK,2026-02-27 11:50:00,2026-02-27 11:35:00,2026-02-27,2026-02,Friday,11,59,ON_TIME,D04,0,ON_TIME,True,False,False,362
BA02140362,British Airways,FRA,JFK,FRA-JFK,2026-02-14 05:45:00,2026-02-14 05:55:00,2026-02-14,2026-02,Saturday,5,211,ON_TIME,B09,10,ON_TIME,True,False,False,363
UA03310363,United Airlines,FRA,MAD,FRA-MAD,2026-03-31 19:50:00,2026-03-31 19:55:00,2026-03-31,2026-03,Tuesday,19,107,ON_TIME,A05,5,ON_TIME,True,False,False,364
EK06150364,Emirates,FRA,ZRH,FRA-ZRH,2026-06-15 14:50:00,2026-06-15 15:32:00,2026-06-15,2026-06,Monday,14,227,DELAYED,B09,42,31-60,False,True,False,365
EK03080365,Emirates,FRA,CDG,FRA-CDG,2026-03-08 14:45:00,2026-03-08 15:04:00,2026-03-08,2026-03,Sunday,14,261,DELAYED,B16,19,16-30,False,True,False,366
BA01070366,British Airways,FRA,DXB,FRA-DXB,2026-01-07 20:50:00,2026-01-07 20:35:00,2026-01-07,2026-01,Wednesday,20,253,ON_TIME,A05,0,ON_TIME,True,False,False,367
AF02260367,Air France,FRA,AMS,FRA-AMS,2026-02-26 23:15:00,2026-02-26 23:16:00,2026-02-26,2026-02,Thursday,23,147,ON_TIME,B09,1,ON_TIME,True,False,False,368
DE02020368,Condor,FRA,VIE,FRA-VIE,2026-02-02 14:20:00,2026-02-02 14:09:00,2026-02-02,2026-02,Monday,14,226,ON_TIME,A12,0,ON_TIME,True,False,False,369
AF02270369,Air France,FRA,AMS,FRA-AMS,2026-02-27 15:10:00,2026-02-27 15:15:00,2026-02-27,2026-02,Friday,15,115,ON_TIME,D04,5,ON_TIME,True,False,False,370
LH05300370,Lufthansa,FRA,JFK,FRA-JFK,2026-05-30 08:15:00,2026-05-30 08:45:00,2026-05-30,2026-05,Saturday,8,250,DELAYED,E02,30,16-30,False,True,False,371
KL01140371,KLM,FRA,MAD,FRA-MAD,2026-01-14 09:40:00,2026-01-14 09:25:00,2026-01-14,2026-01,Wednesday,9,289,ON_TIME,A18,0,ON_TIME,True,False,False,372
EK02160372,Emirates,FRA,DXB,FRA-DXB,2026-02-16 08:15:00,2026-02-16 09:28:00,2026-02-16,2026-02,Monday,8,215,DELAYED,A05,73,61-120,False,True,False,373
LH03120373,Lufthansa,FRA,VIE,FRA-VIE,2026-03-12 11:40:00,2026-03-12 12:17:00,2026-03-12,2026-03,Thursday,11,121,DELAYED,Z15,37,31-60,False,True,False,374
UA04200374,United Airlines,FRA,JFK,FRA-JFK,2026-04-20 18:10:00,2026-04-20 18:59:00,2026-04-20,2026-04,Monday,18,74,DELAYED,E02,49,31-60,False,True,False,375
AF04060375,Air France,FRA,DXB,FRA-DXB,2026-04-06 06:00:00,2026-04-06 08:28:00,2026-04-06,2026-04,Monday,6,182,DELAYED,B03,148,120+,False,True,False,376
EK02030376,Emirates,FRA,CDG,FRA-CDG,2026-02-03 09:10:00,2026-02-03 09:23:00,2026-02-03,2026-02,Tuesday,9,88,ON_TIME,A05,13,ON_TIME,True,False,False,377
KL04270377,KLM,FRA,CDG,FRA-CDG,2026-04-27 22:25:00,2026-04-27 22:10:00,2026-04-27,2026-04,Monday,22,305,ON_TIME,B16,0,ON_TIME,True,False,False,378
AF04140378,Air France,FRA,HAM,FRA-HAM,2026-04-14 05:45:00,2026-04-14 06:14:00,2026-04-14,2026-04,Tuesday,5,163,DELAYED,A05,29,16-30,False,True,False,379
BA04040379,British Airways,FRA,MUC,FRA-MUC,2026-04-04 07:10:00,2026-04-04 08:14:00,2026-04-04,2026-04,Saturday,7,110,DELAYED,A05,64,61-120,False,True,False,380
LH01300380,Lufthansa,FRA,DXB,FRA-DXB,2026-01-30 19:15:00,2026-01-30 19:59:00,2026-01-30,2026-01,Friday,19,297,DELAYED,A18,44,31-60,False,True,False,381
AF06250381,Air France,FRA,DXB,FRA-DXB,2026-06-25 05:50:00,2026-06-25 06:27:00,2026-06-25,2026-06,Thursday,5,125,DELAYED,C07,37,31-60,False,True,False,382
DE06080382,Condor,FRA,ZRH,FRA-ZRH,2026-06-08 08:50:00,2026-06-08 09:21:00,2026-06-08,2026-06,Monday,8,156,DELAYED,Z15,31,31-60,False,True,False,383
AF05140383,Air France,FRA,CDG,FRA-CDG,2026-05-14 12:00:00,2026-05-14 12:12:00,2026-05-14,2026-05,Thursday,12,161,ON_TIME,D04,12,ON_TIME,True,False,False,384
EK01010384,Emirates,FRA,LHR,FRA-LHR,2026-01-01 05:35:00,2026-01-01 05:56:00,2026-01-01,2026-01,Thursday,5,307,DELAYED,A18,21,16-30,False,True,False,385
DE01200385,Condor,FRA,ZRH,FRA-ZRH,2026-01-20 08:50:00,2026-01-20 08:35:00,2026-01-20,2026-01,Tuesday,8,80,ON_TIME,A12,0,ON_TIME,True,False,False,386
BA03160386,British Airways,FRA,BER,FRA-BER,2026-03-16 17:00:00,2026-03-16 17:32:00,2026-03-16,2026-03,Monday,17,78,DELAYED,A05,32,31-60,False,True,False,387
EK01300388,Emirates,FRA,HAM,FRA-HAM,2026-01-30 18:10:00,2026-01-30 18:37:00,2026-01-30,2026-01,Friday,18,252,DELAYED,D04,27,16-30,False,True,False,389
UA02120389,United Airlines,FRA,JFK,FRA-JFK,2026-02-12 08:40:00,2026-02-12 09:48:00,2026-02-12,2026-02,Thursday,8,268,DELAYED,Z15,68,61-120,False,True,False,390
IB06230390,Iberia,FRA,PMI,FRA-PMI,2026-06-23 19:40:00,2026-06-23 20:15:00,2026-06-23,2026-06,Tuesday,19,69,DELAYED,A18,35,31-60,False,True,False,391
IB01290391,Iberia,FRA,VIE,FRA-VIE,2026-01-29 19:15:00,2026-01-29 19:27:00,2026-01-29,2026-01,Thursday,19,323,ON_TIME,Z15,12,ON_TIME,True,False,False,392
AF03280392,Air France,FRA,JFK,FRA-JFK,2026-03-28 22:20:00,2026-03-28 22:55:00,2026-03-28,2026-03,Saturday,22,276,DELAYED,B03,35,31-60,False,True,False,393
IB06190393,Iberia,FRA,AMS,FRA-AMS,2026-06-19 17:40:00,2026-06-19 19:32:00,2026-06-19,2026-06,Friday,17,135,DELAYED,E02,112,61-120,False,True,False,394
IB02120394,Iberia,FRA,VIE,FRA-VIE,2026-02-12 08:15:00,2026-02-12 08:03:00,2026-02-12,2026-02,Thursday,8,197,ON_TIME,A05,0,ON_TIME,True,False,False,395
AF06140395,Air France,FRA,ZRH,FRA-ZRH,2026-06-14 18:10:00,2026-06-14 18:47:00,2026-06-14,2026-06,Sunday,18,100,DELAYED,D04,37,31-60,False,True,False,396
IB01310396,Iberia,FRA,AMS,FRA-AMS,2026-01-31 20:30:00,2026-01-31 20:56:00,2026-01-31,2026-01,Saturday,20,55,DELAYED,A12,26,16-30,False,True,False,397
IB06180398,Iberia,FRA,DXB,FRA-DXB,2026-06-18 17:15:00,2026-06-18 17:35:00,2026-06-18,2026-06,Thursday,17,168,DELAYED,A05,20,16-30,False,True,False,399
EK06120399,Emirates,FRA,AMS,FRA-AMS,2026-06-12 15:20:00,2026-06-12 15:32:00,2026-06-12,2026-06,Friday,15,126,ON_TIME,C07,12,ON_TIME,True,False,False,400
DE06060400,Condor,FRA,CDG,FRA-CDG,2026-06-06 11:45:00,2026-06-06 11:52:00,2026-06-06,2026-06,Saturday,11,165,ON_TIME,D04,7,ON_TIME,True,False,False,401
AF03280401,Air France,FRA,DXB,FRA-DXB,2026-03-28 09:10:00,2026-03-28 09:00:00,2026-03-28,2026-03,Saturday,9,285,ON_TIME,D04,0,ON_TIME,True,False,False,402
BA01020402,British Airways,FRA,VIE,FRA-VIE,2026-01-02 21:30:00,2026-01-02 21:17:00,2026-01-02,2026-01,Friday,21,302,ON_TIME,E02,0,ON_TIME,True,False,False,403
BA05290403,British Airways,FRA,DXB,FRA-DXB,2026-05-29 10:40:00,2026-05-29 10:36:00,2026-05-29,2026-05,Friday,10,251,ON_TIME,C07,0,ON_TIME,True,False,False,404
AF04120404,Air France,FRA,CDG,FRA-CDG,2026-04-12 15:50:00,2026-04-12 15:37:00,2026-04-12,2026-04,Sunday,15,266,ON_TIME,Z15,0,ON_TIME,True,False,False,405
BA05190406,British Airways,FRA,ZRH,FRA-ZRH,2026-05-19 15:35:00,2026-05-19 16:21:00,2026-05-19,2026-05,Tuesday,15,268,DELAYED,E02,46,31-60,False,True,False,407
KL01040407,KLM,FRA,MAD,FRA-MAD,2026-01-04 21:35:00,,2026-01-04,2026-01,Sunday,21,24,CANCELLED,A18,0,CANCELLED,False,False,True,408
KL03060408,KLM,FRA,JFK,FRA-JFK,2026-03-06 09:30:00,2026-03-06 10:12:00,2026-03-06,2026-03,Friday,9,71,DELAYED,B16,42,31-60,False,True,False,409
IB06070409,Iberia,FRA,MUC,FRA-MUC,2026-06-07 22:45:00,2026-06-07 22:43:00,2026-06-07,2026-06,Sunday,22,202,ON_TIME,A05,0,ON_TIME,True,False,False,410
UA04170410,United Airlines,FRA,MAD,FRA-MAD,2026-04-17 16:20:00,2026-04-17 16:27:00,2026-04-17,2026-04,Friday,16,158,ON_TIME,Z15,7,ON_TIME,True,False,False,411
IB06120411,Iberia,FRA,LHR,FRA-LHR,2026-06-12 17:25:00,2026-06-12 17:10:00,2026-06-12,2026-06,Friday,17,205,ON_TIME,D04,0,ON_TIME,True,False,False,412
BA01200412,British Airways,FRA,JFK,FRA-JFK,2026-01-20 10:40:00,2026-01-20 10:29:00,2026-01-20,2026-01,Tuesday,10,75,ON_TIME,C07,0,ON_TIME,True,False,False,413
KL03090413,KLM,FRA,ZRH,FRA-ZRH,2026-03-09 09:40:00,2026-03-09 09:53:00,2026-03-09,2026-03,Monday,9,134,ON_TIME,A05,13,ON_TIME,True,False,False,414
BA06020414,British Airways,FRA,AMS,FRA-AMS,2026-06-02 07:25:00,2026-06-02 08:00:00,2026-06-02,2026-06,Tuesday,7,238,DELAYED,A12,35,31-60,False,True,False,415
EK02260415,Emirates,FRA,ZRH,FRA-ZRH,2026-02-26 11:20:00,2026-02-26 11:09:00,2026-02-26,2026-02,Thursday,11,102,ON_TIME,B16,0,ON_TIME,True,False,False,416
AF06190416,Air France,FRA,LHR,FRA-LHR,2026-06-19 16:00:00,2026-06-19 16:13:00,2026-06-19,2026-06,Friday,16,326,ON_TIME,D04,13,ON_TIME,True,False,False,417
LH06210417,Lufthansa,FRA,MUC,FRA-MUC,2026-06-21 17:15:00,2026-06-21 17:00:00,2026-06-21,2026-06,Sunday,17,75,ON_TIME,B16,0,ON_TIME,True,False,False,418
UA04090418,United Airlines,FRA,MUC,FRA-MUC,2026-04-09 14:20:00,2026-04-09 15:56:00,2026-04-09,2026-04,Thursday,14,246,DELAYED,E02,96,61-120,False,True,False,419
IB01120419,Iberia,FRA,VIE,FRA-VIE,2026-01-12 14:45:00,2026-01-12 15:08:00,2026-01-12,2026-01,Monday,14,330,DELAYED,E02,23,16-30,False,True,False,420
UA01190421,United Airlines,FRA,JFK,FRA-JFK,2026-01-19 09:30:00,2026-01-19 12:05:00,2026-01-19,2026-01,Monday,9,183,DELAYED,E02,155,120+,False,True,False,422
DE02280422,Condor,FRA,PMI,FRA-PMI,2026-02-28 14:10:00,2026-02-28 14:33:00,2026-02-28,2026-02,Saturday,14,276,DELAYED,B16,23,16-30,False,True,False,423
LH06220423,Lufthansa,FRA,MAD,FRA-MAD,2026-06-22 09:20:00,,2026-06-22,2026-06,Monday,9,1,CANCELLED,A12,0,CANCELLED,False,False,True,424
EK01280424,Emirates,FRA,ZRH,FRA-ZRH,2026-01-28 14:50:00,2026-01-28 14:55:00,2026-01-28,2026-01,Wednesday,14,279,ON_TIME,C07,5,ON_TIME,True,False,False,425
UA01080425,United Airlines,FRA,JFK,FRA-JFK,2026-01-08 20:40:00,2026-01-08 21:10:00,2026-01-08,2026-01,Thursday,20,206,DELAYED,A18,30,16-30,False,True,False,426
KL06150426,KLM,FRA,JFK,FRA-JFK,2026-06-15 16:30:00,2026-06-15 17:02:00,2026-06-15,2026-06,Monday,16,118,DELAYED,A05,32,31-60,False,True,False,427
LH06020427,Lufthansa,FRA,PMI,FRA-PMI,2026-06-02 18:20:00,2026-06-02 18:48:00,2026-06-02,2026-06,Tuesday,18,231,DELAYED,B03,28,16-30,False,True,False,428
DE06210429,Condor,FRA,HAM,FRA-HAM,2026-06-21 07:20:00,2026-06-21 08:12:00,2026-06-21,2026-06,Sunday,7,156,DELAYED,Z15,52,31-60,False,True,False,430
IB04020430,Iberia,FRA,AMS,FRA-AMS,2026-04-02 09:45:00,2026-04-02 09:53:00,2026-04-02,2026-04,Thursday,9,154,ON_TIME,B16,8,ON_TIME,True,False,False,431
IB03260431,Iberia,FRA,VIE,FRA-VIE,2026-03-26 15:25:00,2026-03-26 15:10:00,2026-03-26,2026-03,Thursday,15,141,ON_TIME,A05,0,ON_TIME,True,False,False,432
IB04020433,Iberia,FRA,VIE,FRA-VIE,2026-04-02 15:15:00,2026-04-02 15:44:00,2026-04-02,2026-04,Thursday,15,126,DELAYED,E02,29,16-30,False,True,False,434
AF06100434,Air France,FRA,CDG,FRA-CDG,2026-06-10 07:35:00,2026-06-10 08:18:00,2026-06-10,2026-06,Wednesday,7,70,DELAYED,Z15,43,31-60,False,True,False,435
UA02240435,United Airlines,FRA,PMI,FRA-PMI,2026-02-24 07:20:00,2026-02-24 07:58:00,2026-02-24,2026-02,Tuesday,7,131,DELAYED,B16,38,31-60,False,True,False,436
UA05310436,United Airlines,FRA,LHR,FRA-LHR,2026-05-31 14:40:00,2026-05-31 14:36:00,2026-05-31,2026-05,Sunday,14,258,ON_TIME,B16,0,ON_TIME,True,False,False,437
LH03030437,Lufthansa,FRA,JFK,FRA-JFK,2026-03-03 11:20:00,2026-03-03 11:51:00,2026-03-03,2026-03,Tuesday,11,129,DELAYED,D04,31,31-60,False,True,False,438
EK02260438,Emirates,FRA,BER,FRA-BER,2026-02-26 20:45:00,2026-02-26 21:25:00,2026-02-26,2026-02,Thursday,20,76,DELAYED,B03,40,31-60,False,True,False,439
EK05010439,Emirates,FRA,MAD,FRA-MAD,2026-05-01 19:30:00,,2026-05-01,2026-05,Friday,19,20,CANCELLED,B09,0,CANCELLED,False,False,True,440
KL05200440,KLM,FRA,PMI,FRA-PMI,2026-05-20 11:10:00,2026-05-20 11:15:00,2026-05-20,2026-05,Wednesday,11,94,ON_TIME,E02,5,ON_TIME,True,False,False,441
KL02270441,KLM,FRA,MAD,FRA-MAD,2026-02-27 22:10:00,2026-02-27 22:43:00,2026-02-27,2026-02,Friday,22,58,DELAYED,E02,33,31-60,False,True,False,442
BA02120442,British Airways,FRA,VIE,FRA-VIE,2026-02-12 12:35:00,2026-02-12 12:29:00,2026-02-12,2026-02,Thursday,12,131,ON_TIME,A18,0,ON_TIME,True,False,False,443
BA06040443,British Airways,FRA,AMS,FRA-AMS,2026-06-04 08:45:00,2026-06-04 08:53:00,2026-06-04,2026-06,Thursday,8,300,ON_TIME,B03,8,ON_TIME,True,False,False,444
BA04160444,British Airways,FRA,JFK,FRA-JFK,2026-04-16 05:45:00,,2026-04-16,2026-04,Thursday,5,5,CANCELLED,A18,0,CANCELLED,False,False,True,445
LH02070445,Lufthansa,FRA,PMI,FRA-PMI,2026-02-07 06:40:00,2026-02-07 07:20:00,2026-02-07,2026-02,Saturday,6,64,DELAYED,B09,40,31-60,False,True,False,446
DE04250446,Condor,FRA,LHR,FRA-LHR,2026-04-25 21:15:00,2026-04-25 22:24:00,2026-04-25,2026-04,Saturday,21,128,DELAYED,Z15,69,61-120,False,True,False,447
BA06180447,British Airways,FRA,PMI,FRA-PMI,2026-06-18 21:50:00,2026-06-18 21:43:00,2026-06-18,2026-06,Thursday,21,90,ON_TIME,B03,0,ON_TIME,True,False,False,448
UA02030448,United Airlines,FRA,MAD,FRA-MAD,2026-02-03 08:30:00,2026-02-03 08:15:00,2026-02-03,2026-02,Tuesday,8,313,ON_TIME,C07,0,ON_TIME,True,False,False,449
BA01250449,British Airways,FRA,PMI,FRA-PMI,2026-01-25 11:15:00,2026-01-25 11:00:00,2026-01-25,2026-01,Sunday,11,115,ON_TIME,A12,0,ON_TIME,True,False,False,450
IB02030450,Iberia,FRA,JFK,FRA-JFK,2026-02-03 22:30:00,2026-02-03 22:15:00,2026-02-03,2026-02,Tuesday,22,275,ON_TIME,E02,0,ON_TIME,True,False,False,451
UA01120451,United Airlines,FRA,AMS,FRA-AMS,2026-01-12 22:10:00,2026-01-12 22:38:00,2026-01-12,2026-01,Monday,22,105,DELAYED,C07,28,16-30,False,True,False,452
BA05030452,British Airways,FRA,CDG,FRA-CDG,2026-05-03 12:35:00,2026-05-03 12:20:00,2026-05-03,2026-05,Sunday,12,264,ON_TIME,B09,0,ON_TIME,True,False,False,453
AF01020453,Air France,FRA,BER,FRA-BER,2026-01-02 21:35:00,2026-01-02 21:37:00,2026-01-02,2026-01,Friday,21,264,ON_TIME,B16,2,ON_TIME,True,False,False,454
KL04120455,KLM,FRA,JFK,FRA-JFK,2026-04-12 12:10:00,2026-04-12 12:10:00,2026-04-12,2026-04,Sunday,12,302,ON_TIME,B09,0,ON_TIME,True,False,False,456
KL03300456,KLM,FRA,PMI,FRA-PMI,2026-03-30 17:40:00,2026-03-30 17:49:00,2026-03-30,2026-03,Monday,17,172,ON_TIME,D04,9,ON_TIME,True,False,False,457
BA02240457,British Airways,FRA,MUC,FRA-MUC,2026-02-24 22:10:00,2026-02-24 22:34:00,2026-02-24,2026-02,Tuesday,22,81,DELAYED,A18,24,16-30,False,True,False,458
UA01020458,United Airlines,FRA,JFK,FRA-JFK,2026-01-02 07:40:00,2026-01-02 07:25:00,2026-01-02,2026-01,Friday,7,100,ON_TIME,A12,0,ON_TIME,True,False,False,459
KL04050459,KLM,FRA,LHR,FRA-LHR,2026-04-05 08:25:00,,2026-04-05,2026-04,Sunday,8,16,CANCELLED,B09,0,CANCELLED,False,False,True,460
DE04130462,Condor,FRA,CDG,FRA-CDG,2026-04-13 17:10:00,2026-04-13 17:00:00,2026-04-13,2026-04,Monday,17,62,ON_TIME,A12,0,ON_TIME,True,False,False,463
DE03140463,Condor,FRA,ZRH,FRA-ZRH,2026-03-14 23:25:00,2026-03-14 23:58:00,2026-03-14,2026-03,Saturday,23,154,DELAYED,D04,33,31-60,False,True,False,464
KL01300465,KLM,FRA,AMS,FRA-AMS,2026-01-30 21:50:00,2026-01-30 22:16:00,2026-01-30,2026-01,Friday,21,248,DELAYED,Z15,26,16-30,False,True,False,466
IB03280466,Iberia,FRA,LHR,FRA-LHR,2026-03-28 20:15:00,2026-03-28 20:00:00,2026-03-28,2026-03,Saturday,20,301,ON_TIME,A12,0,ON_TIME,True,False,False,467
KL04080467,KLM,FRA,MUC,FRA-MUC,2026-04-08 12:45:00,2026-04-08 12:40:00,2026-04-08,2026-04,Wednesday,12,189,ON_TIME,B03,0,ON_TIME,True,False,False,468
KL04130468,KLM,FRA,MUC,FRA-MUC,2026-04-13 15:35:00,2026-04-13 16:01:00,2026-04-13,2026-04,Monday,15,215,DELAYED,B16,26,16-30,False,True,False,469
AF03100469,Air France,FRA,PMI,FRA-PMI,2026-03-10 10:45:00,2026-03-10 11:11:00,2026-03-10,2026-03,Tuesday,10,160,DELAYED,B03,26,16-30,False,True,False,470
AF06080470,Air France,FRA,LHR,FRA-LHR,2026-06-08 16:40:00,2026-06-08 17:31:00,2026-06-08,2026-06,Monday,16,95,DELAYED,D04,51,31-60,False,True,False,471
LH01110471,Lufthansa,FRA,ZRH,FRA-ZRH,2026-01-11 21:00:00,2026-01-11 20:45:00,2026-01-11,2026-01,Sunday,21,195,ON_TIME,D04,0,ON_TIME,True,False,False,472
IB01090473,Iberia,FRA,ZRH,FRA-ZRH,2026-01-09 22:00:00,2026-01-09 22:08:00,2026-01-09,2026-01,Friday,22,320,ON_TIME,D04,8,ON_TIME,True,False,False,474
EK01030474,Emirates,FRA,DXB,FRA-DXB,2026-01-03 05:45:00,2026-01-03 05:45:00,2026-01-03,2026-01,Saturday,5,240,ON_TIME,Z15,0,ON_TIME,True,False,False,475
KL05210475,KLM,FRA,HAM,FRA-HAM,2026-05-21 13:45:00,2026-05-21 14:20:00,2026-05-21,2026-05,Thursday,13,272,DELAYED,B03,35,31-60,False,True,False,476
UA04060476,United Airlines,FRA,DXB,FRA-DXB,2026-04-06 17:10:00,2026-04-06 17:18:00,2026-04-06,2026-04,Monday,17,122,ON_TIME,Z15,8,ON_TIME,True,False,False,477
AF03110477,Air France,FRA,MUC,FRA-MUC,2026-03-11 13:20:00,2026-03-11 13:24:00,2026-03-11,2026-03,Wednesday,13,131,ON_TIME,D04,4,ON_TIME,True,False,False,478
LH04180478,Lufthansa,FRA,HAM,FRA-HAM,2026-04-18 20:40:00,2026-04-18 21:03:00,2026-04-18,2026-04,Saturday,20,319,DELAYED,E02,23,16-30,False,True,False,479
EK03180479,Emirates,FRA,VIE,FRA-VIE,2026-03-18 14:20:00,2026-03-18 14:44:00,2026-03-18,2026-03,Wednesday,14,165,DELAYED,B09,24,16-30,False,True,False,480
IB01250480,Iberia,FRA,JFK,FRA-JFK,2026-01-25 20:00:00,2026-01-25 20:17:00,2026-01-25,2026-01,Sunday,20,186,DELAYED,B16,17,16-30,False,True,False,481
LH02010481,Lufthansa,FRA,MAD,FRA-MAD,2026-02-01 17:25:00,2026-02-01 17:10:00,2026-02-01,2026-02,Sunday,17,200,ON_TIME,B16,0,ON_TIME,True,False,False,482
EK05110482,Emirates,FRA,JFK,FRA-JFK,2026-05-11 21:15:00,2026-05-11 21:13:00,2026-05-11,2026-05,Monday,21,201,ON_TIME,D04,0,ON_TIME,True,False,False,483
BA06130483,British Airways,FRA,HAM,FRA-HAM,2026-06-13 16:10:00,2026-06-13 17:00:00,2026-06-13,2026-06,Saturday,16,230,DELAYED,B03,50,31-60,False,True,False,484
EK06170484,Emirates,FRA,AMS,FRA-AMS,2026-06-17 14:50:00,2026-06-17 14:44:00,2026-06-17,2026-06,Wednesday,14,282,ON_TIME,B16,0,ON_TIME,True,False,False,485
IB02120485,Iberia,FRA,MAD,FRA-MAD,2026-02-12 10:30:00,2026-02-12 10:46:00,2026-02-12,2026-02,Thursday,10,95,DELAYED,B03,16,16-30,False,True,False,486
BA01270486,British Airways,FRA,MAD,FRA-MAD,2026-01-27 08:35:00,2026-01-27 09:07:00,2026-01-27,2026-01,Tuesday,8,82,DELAYED,A05,32,31-60,False,True,False,487
KL06100488,KLM,FRA,VIE,FRA-VIE,2026-06-10 09:40:00,2026-06-10 10:22:00,2026-06-10,2026-06,Wednesday,9,72,DELAYED,B16,42,31-60,False,True,False,489
EK04300489,Emirates,FRA,VIE,FRA-VIE,2026-04-30 22:50:00,2026-04-30 23:43:00,2026-04-30,2026-04,Thursday,22,288,DELAYED,Z15,53,31-60,False,True,False,490
UA06130490,United Airlines,FRA,ZRH,FRA-ZRH,2026-06-13 22:50:00,2026-06-13 23:48:00,2026-06-13,2026-06,Saturday,22,171,DELAYED,A12,58,31-60,False,True,False,491
IB04040491,Iberia,FRA,CDG,FRA-CDG,2026-04-04 18:50:00,2026-04-04 19:33:00,2026-04-04,2026-04,Saturday,18,124,DELAYED,B16,43,31-60,False,True,False,492
KL05170492,KLM,FRA,VIE,FRA-VIE,2026-05-17 06:15:00,2026-05-17 06:31:00,2026-05-17,2026-05,Sunday,6,59,DELAYED,C07,16,16-30,False,True,False,493
UA03090494,United Airlines,FRA,LHR,FRA-LHR,2026-03-09 08:10:00,2026-03-09 08:40:00,2026-03-09,2026-03,Monday,8,194,DELAYED,B09,30,16-30,False,True,False,495
KL02180495,KLM,FRA,MAD,FRA-MAD,2026-02-18 07:40:00,2026-02-18 08:14:00,2026-02-18,2026-02,Wednesday,7,306,DELAYED,B03,34,31-60,False,True,False,496
EK02080496,Emirates,FRA,BER,FRA-BER,2026-02-08 07:20:00,,2026-02-08,2026-02,Sunday,7,9,CANCELLED,B09,0,CANCELLED,False,False,True,497
BA04230497,British Airways,FRA,DXB,FRA-DXB,2026-04-23 05:45:00,2026-04-23 06:16:00,2026-04-23,2026-04,Thursday,5,310,DELAYED,B16,31,31-60,False,True,False,498
UA05200499,United Airlines,FRA,MUC,FRA-MUC,2026-05-20 20:40:00,2026-05-20 21:18:00,2026-05-20,2026-05,Wednesday,20,117,DELAYED,B03,38,31-60,False,True,False,500
UA03050500,United Airlines,FRA,VIE,FRA-VIE,2026-03-05 06:45:00,2026-03-05 06:30:00,2026-03-05,2026-03,Thursday,6,321,ON_TIME,B03,0,ON_TIME,True,False,False,501
IB03180502,Iberia,FRA,JFK,FRA-JFK,2026-03-18 12:00:00,2026-03-18 11:45:00,2026-03-18,2026-03,Wednesday,12,166,ON_TIME,A12,0,ON_TIME,True,False,False,503
AF04220503,Air France,FRA,JFK,FRA-JFK,2026-04-22 15:30:00,2026-04-22 15:42:00,2026-04-22,2026-04,Wednesday,15,59,ON_TIME,A05,12,ON_TIME,True,False,False,504
IB06020504,Iberia,FRA,DXB,FRA-DXB,2026-06-02 10:00:00,2026-06-02 10:26:00,2026-06-02,2026-06,Tuesday,10,310,DELAYED,A12,26,16-30,False,True,False,505
EK01160505,Emirates,FRA,JFK,FRA-JFK,2026-01-16 07:00:00,2026-01-16 07:01:00,2026-01-16,2026-01,Friday,7,174,ON_TIME,B16,1,ON_TIME,True,False,False,506
EK02190506,Emirates,FRA,VIE,FRA-VIE,2026-02-19 06:10:00,2026-02-19 05:55:00,2026-02-19,2026-02,Thursday,6,75,ON_TIME,D04,0,ON_TIME,True,False,False,507
IB03170507,Iberia,FRA,ZRH,FRA-ZRH,2026-03-17 23:15:00,2026-03-17 23:38:00,2026-03-17,2026-03,Tuesday,23,195,DELAYED,Z15,23,16-30,False,True,False,508
BA05160508,British Airways,FRA,MUC,FRA-MUC,2026-05-16 10:15:00,2026-05-16 10:49:00,2026-05-16,2026-05,Saturday,10,242,DELAYED,D04,34,31-60,False,True,False,509
LH05100509,Lufthansa,FRA,JFK,FRA-JFK,2026-05-10 17:40:00,2026-05-10 17:37:00,2026-05-10,2026-05,Sunday,17,219,ON_TIME,A12,0,ON_TIME,True,False,False,510
UA05150510,United Airlines,FRA,LHR,FRA-LHR,2026-05-15 21:20:00,2026-05-15 21:18:00,2026-05-15,2026-05,Friday,21,264,ON_TIME,B16,0,ON_TIME,True,False,False,511
DE05140511,Condor,FRA,MUC,FRA-MUC,2026-05-14 07:30:00,2026-05-14 08:17:00,2026-05-14,2026-05,Thursday,7,303,DELAYED,B03,47,31-60,False,True,False,512
DE05270512,Condor,FRA,BER,FRA-BER,2026-05-27 18:15:00,2026-05-27 19:05:00,2026-05-27,2026-05,Wednesday,18,186,DELAYED,A05,50,31-60,False,True,False,513
EK06050513,Emirates,FRA,LHR,FRA-LHR,2026-06-05 07:30:00,2026-06-05 07:51:00,2026-06-05,2026-06,Friday,7,95,DELAYED,D04,21,16-30,False,True,False,514
LH05230514,Lufthansa,FRA,AMS,FRA-AMS,2026-05-23 19:00:00,2026-05-23 21:44:00,2026-05-23,2026-05,Saturday,19,191,DELAYED,E02,164,120+,False,True,False,515
LH01190515,Lufthansa,FRA,DXB,FRA-DXB,2026-01-19 14:35:00,2026-01-19 15:00:00,2026-01-19,2026-01,Monday,14,327,DELAYED,C07,25,16-30,False,True,False,516
AF05150516,Air France,FRA,LHR,FRA-LHR,2026-05-15 13:25:00,2026-05-15 13:36:00,2026-05-15,2026-05,Friday,13,267,ON_TIME,A12,11,ON_TIME,True,False,False,517
IB03220518,Iberia,FRA,AMS,FRA-AMS,2026-03-22 23:00:00,2026-03-22 23:36:00,2026-03-22,2026-03,Sunday,23,275,DELAYED,B16,36,31-60,False,True,False,519
AF05200519,Air France,FRA,PMI,FRA-PMI,2026-05-20 12:10:00,2026-05-20 12:40:00,2026-05-20,2026-05,Wednesday,12,284,DELAYED,C07,30,16-30,False,True,False,520
LH01090520,Lufthansa,FRA,DXB,FRA-DXB,2026-01-09 15:25:00,,2026-01-09,2026-01,Friday,15,9,CANCELLED,A05,0,CANCELLED,False,False,True,521
KL02240521,KLM,FRA,LHR,FRA-LHR,2026-02-24 15:30:00,2026-02-24 16:26:00,2026-02-24,2026-02,Tuesday,15,316,DELAYED,E02,56,31-60,False,True,False,522
BA01100522,British Airways,FRA,MUC,FRA-MUC,2026-01-10 20:00:00,2026-01-10 19:58:00,2026-01-10,2026-01,Saturday,20,182,ON_TIME,B03,0,ON_TIME,True,False,False,523
KL01240523,KLM,FRA,CDG,FRA-CDG,2026-01-24 18:25:00,2026-01-24 18:35:00,2026-01-24,2026-01,Saturday,18,143,ON_TIME,D04,10,ON_TIME,True,False,False,524
DE06140524,Condor,FRA,PMI,FRA-PMI,2026-06-14 14:30:00,2026-06-14 14:15:00,2026-06-14,2026-06,Sunday,14,95,ON_TIME,A05,0,ON_TIME,True,False,False,525
EK04220525,Emirates,FRA,AMS,FRA-AMS,2026-04-22 18:35:00,2026-04-22 18:54:00,2026-04-22,2026-04,Wednesday,18,60,DELAYED,C07,19,16-30,False,True,False,526
LH05150526,Lufthansa,FRA,CDG,FRA-CDG,2026-05-15 07:00:00,2026-05-15 07:49:00,2026-05-15,2026-05,Friday,7,312,DELAYED,B03,49,31-60,False,True,False,527
BA06220527,British Airways,FRA,BER,FRA-BER,2026-06-22 18:15:00,2026-06-22 18:20:00,2026-06-22,2026-06,Monday,18,256,ON_TIME,A18,5,ON_TIME,True,False,False,528
BA01220528,British Airways,FRA,AMS,FRA-AMS,2026-01-22 21:25:00,2026-01-22 21:34:00,2026-01-22,2026-01,Thursday,21,189,ON_TIME,A12,9,ON_TIME,True,False,False,529
UA04220529,United Airlines,FRA,ZRH,FRA-ZRH,2026-04-22 09:40:00,2026-04-22 10:02:00,2026-04-22,2026-04,Wednesday,9,323,DELAYED,B03,22,16-30,False,True,False,530
AF03100530,Air France,FRA,MUC,FRA-MUC,2026-03-10 19:00:00,2026-03-10 19:37:00,2026-03-10,2026-03,Tuesday,19,112,DELAYED,C07,37,31-60,False,True,False,531
UA03310531,United Airlines,FRA,AMS,FRA-AMS,2026-03-31 12:00:00,2026-03-31 11:51:00,2026-03-31,2026-03,Tuesday,12,234,ON_TIME,Z15,0,ON_TIME,True,False,False,532
IB02070532,Iberia,FRA,PMI,FRA-PMI,2026-02-07 19:30:00,2026-02-07 19:15:00,2026-02-07,2026-02,Saturday,19,246,ON_TIME,A18,0,ON_TIME,True,False,False,533
DE01140533,Condor,FRA,MUC,FRA-MUC,2026-01-14 13:25:00,2026-01-14 16:22:00,2026-01-14,2026-01,Wednesday,13,111,DELAYED,B09,177,120+,False,True,False,534
IB01060534,Iberia,FRA,VIE,FRA-VIE,2026-01-06 15:45:00,2026-01-06 15:30:00,2026-01-06,2026-01,Tuesday,15,322,ON_TIME,B09,0,ON_TIME,True,False,False,535
IB02060535,Iberia,FRA,PMI,FRA-PMI,2026-02-06 06:10:00,2026-02-06 06:20:00,2026-02-06,2026-02,Friday,6,200,ON_TIME,B03,10,ON_TIME,True,False,False,536
KL04300536,KLM,FRA,BER,FRA-BER,2026-04-30 05:35:00,2026-04-30 05:43:00,2026-04-30,2026-04,Thursday,5,239,ON_TIME,A12,8,ON_TIME,True,False,False,537
LH06160537,Lufthansa,FRA,CDG,FRA-CDG,2026-06-16 17:45:00,2026-06-16 17:30:00,2026-06-16,2026-06,Tuesday,17,303,ON_TIME,Z15,0,ON_TIME,True,False,False,538
DE02200538,Condor,FRA,HAM,FRA-HAM,2026-02-20 22:15:00,2026-02-20 22:27:00,2026-02-20,2026-02,Friday,22,75,ON_TIME,B03,12,ON_TIME,True,False,False,539
KL05060539,KLM,FRA,AMS,FRA-AMS,2026-05-06 17:40:00,,2026-05-06,2026-05,Wednesday,17,16,CANCELLED,B09,0,CANCELLED,False,False,True,540
LH03070540,Lufthansa,FRA,JFK,FRA-JFK,2026-03-07 17:30:00,2026-03-07 17:23:00,2026-03-07,2026-03,Saturday,17,170,ON_TIME,A18,0,ON_TIME,True,False,False,541
EK06180541,Emirates,FRA,MAD,FRA-MAD,2026-06-18 09:35:00,2026-06-18 09:20:00,2026-06-18,2026-06,Thursday,9,171,ON_TIME,C07,0,ON_TIME,True,False,False,542
AF02090542,Air France,FRA,PMI,FRA-PMI,2026-02-09 18:50:00,2026-02-09 18:59:00,2026-02-09,2026-02,Monday,18,122,ON_TIME,B03,9,ON_TIME,True,False,False,543
BA05190543,British Airways,FRA,PMI,FRA-PMI,2026-05-19 11:40:00,2026-05-19 11:46:00,2026-05-19,2026-05,Tuesday,11,129,ON_TIME,Z15,6,ON_TIME,True,False,False,544
BA01180544,British Airways,FRA,AMS,FRA-AMS,2026-01-18 23:20:00,2026-01-18 23:06:00,2026-01-18,2026-01,Sunday,23,217,ON_TIME,A18,0,ON_TIME,True,False,False,545
LH04160545,Lufthansa,FRA,AMS,FRA-AMS,2026-04-16 18:50:00,2026-04-16 19:51:00,2026-04-16,2026-04,Thursday,18,195,DELAYED,A18,61,61-120,False,True,False,546
AF02030546,Air France,FRA,MUC,FRA-MUC,2026-02-03 10:30:00,2026-02-03 10:23:00,2026-02-03,2026-02,Tuesday,10,191,ON_TIME,Z15,0,ON_TIME,True,False,False,547
AF03010547,Air France,FRA,PMI,FRA-PMI,2026-03-01 12:30:00,2026-03-01 12:34:00,2026-03-01,2026-03,Sunday,12,295,ON_TIME,B16,4,ON_TIME,True,False,False,548
BA05060548,British Airways,FRA,MAD,FRA-MAD,2026-05-06 20:40:00,2026-05-06 20:29:00,2026-05-06,2026-05,Wednesday,20,264,ON_TIME,A05,0,ON_TIME,True,False,False,549
KL02260549,KLM,FRA,MAD,FRA-MAD,2026-02-26 11:45:00,2026-02-26 13:02:00,2026-02-26,2026-02,Thursday,11,305,DELAYED,B16,77,61-120,False,True,False,550
IB04200550,Iberia,FRA,LHR,FRA-LHR,2026-04-20 17:30:00,2026-04-20 17:15:00,2026-04-20,2026-04,Monday,17,215,ON_TIME,C07,0,ON_TIME,True,False,False,551
LH01280551,Lufthansa,FRA,ZRH,FRA-ZRH,2026-01-28 20:15:00,2026-01-28 21:46:00,2026-01-28,2026-01,Wednesday,20,257,DELAYED,A05,91,61-120,False,True,False,552
UA06110552,United Airlines,FRA,ZRH,FRA-ZRH,2026-06-11 06:45:00,2026-06-11 07:20:00,2026-06-11,2026-06,Thursday,6,210,DELAYED,B09,35,31-60,False,True,False,553
IB04190553,Iberia,FRA,HAM,FRA-HAM,2026-04-19 15:25:00,2026-04-19 15:20:00,2026-04-19,2026-04,Sunday,15,286,ON_TIME,A12,0,ON_TIME,True,False,False,554
IB02210555,Iberia,FRA,PMI,FRA-PMI,2026-02-21 19:35:00,2026-02-21 19:30:00,2026-02-21,2026-02,Saturday,19,118,ON_TIME,A12,0,ON_TIME,True,False,False,556
DE04260556,Condor,FRA,DXB,FRA-DXB,2026-04-26 16:35:00,2026-04-26 16:20:00,2026-04-26,2026-04,Sunday,16,316,ON_TIME,Z15,0,ON_TIME,True,False,False,557
BA05210557,British Airways,FRA,MAD,FRA-MAD,2026-05-21 17:30:00,2026-05-21 18:10:00,2026-05-21,2026-05,Thursday,17,131,DELAYED,A18,40,31-60,False,True,False,558
BA01140558,British Airways,FRA,HAM,FRA-HAM,2026-01-14 18:50:00,2026-01-14 18:48:00,2026-01-14,2026-01,Wednesday,18,283,ON_TIME,B09,0,ON_TIME,True,False,False,559
BA02030559,British Airways,FRA,MUC,FRA-MUC,2026-02-03 11:30:00,2026-02-03 11:43:00,2026-02-03,2026-02,Tuesday,11,57,ON_TIME,Z15,13,ON_TIME,True,False,False,560
IB02250560,Iberia,FRA,LHR,FRA-LHR,2026-02-25 21:15:00,2026-02-25 23:57:00,2026-02-25,2026-02,Wednesday,21,58,DELAYED,B03,162,120+,False,True,False,561
DE01280562,Condor,FRA,BER,FRA-BER,2026-01-28 18:40:00,2026-01-28 19:22:00,2026-01-28,2026-01,Wednesday,18,145,DELAYED,D04,42,31-60,False,True,False,563
EK01240563,Emirates,FRA,BER,FRA-BER,2026-01-24 15:00:00,2026-01-24 15:07:00,2026-01-24,2026-01,Saturday,15,88,ON_TIME,B09,7,ON_TIME,True,False,False,564
IB02010564,Iberia,FRA,HAM,FRA-HAM,2026-02-01 14:00:00,2026-02-01 14:20:00,2026-02-01,2026-02,Sunday,14,162,DELAYED,Z15,20,16-30,False,True,False,565
LH05270565,Lufthansa,FRA,MUC,FRA-MUC,2026-05-27 21:35:00,2026-05-27 21:28:00,2026-05-27,2026-05,Wednesday,21,202,ON_TIME,C07,0,ON_TIME,True,False,False,566
EK05150566,Emirates,FRA,CDG,FRA-CDG,2026-05-15 16:40:00,2026-05-15 16:25:00,2026-05-15,2026-05,Friday,16,309,ON_TIME,D04,0,ON_TIME,True,False,False,567
BA03010567,British Airways,FRA,PMI,FRA-PMI,2026-03-01 14:45:00,,2026-03-01,2026-03,Sunday,14,6,CANCELLED,Z15,0,CANCELLED,False,False,True,568
UA01120568,United Airlines,FRA,MAD,FRA-MAD,2026-01-12 16:00:00,2026-01-12 16:19:00,2026-01-12,2026-01,Monday,16,60,DELAYED,B03,19,16-30,False,True,False,569
KL01180569,KLM,FRA,CDG,FRA-CDG,2026-01-18 14:50:00,2026-01-18 15:03:00,2026-01-18,2026-01,Sunday,14,229,ON_TIME,C07,13,ON_TIME,True,False,False,570
LH02190570,Lufthansa,FRA,HAM,FRA-HAM,2026-02-19 16:00:00,2026-02-19 16:16:00,2026-02-19,2026-02,Thursday,16,297,DELAYED,A05,16,16-30,False,True,False,571
BA02090571,British Airways,FRA,VIE,FRA-VIE,2026-02-09 20:20:00,2026-02-09 20:05:00,2026-02-09,2026-02,Monday,20,83,ON_TIME,E02,0,ON_TIME,True,False,False,572
KL06230572,KLM,FRA,PMI,FRA-PMI,2026-06-23 16:20:00,2026-06-23 16:44:00,2026-06-23,2026-06,Tuesday,16,224,DELAYED,B16,24,16-30,False,True,False,573
DE03130573,Condor,FRA,HAM,FRA-HAM,2026-03-13 06:00:00,2026-03-13 05:45:00,2026-03-13,2026-03,Friday,6,254,ON_TIME,A18,0,ON_TIME,True,False,False,574
DE03220574,Condor,FRA,CDG,FRA-CDG,2026-03-22 06:50:00,2026-03-22 06:35:00,2026-03-22,2026-03,Sunday,6,176,ON_TIME,B16,0,ON_TIME,True,False,False,575
LH05090576,Lufthansa,FRA,VIE,FRA-VIE,2026-05-09 09:45:00,2026-05-09 10:04:00,2026-05-09,2026-05,Saturday,9,323,DELAYED,B09,19,16-30,False,True,False,577
EK01260577,Emirates,FRA,HAM,FRA-HAM,2026-01-26 21:40:00,2026-01-26 22:17:00,2026-01-26,2026-01,Monday,21,114,DELAYED,A05,37,31-60,False,True,False,578
KL06250578,KLM,FRA,BER,FRA-BER,2026-06-25 08:00:00,2026-06-25 10:10:00,2026-06-25,2026-06,Thursday,8,214,DELAYED,A05,130,120+,False,True,False,579
KL02230579,KLM,FRA,JFK,FRA-JFK,2026-02-23 15:45:00,2026-02-23 15:55:00,2026-02-23,2026-02,Monday,15,115,ON_TIME,B09,10,ON_TIME,True,False,False,580
EK03230581,Emirates,FRA,ZRH,FRA-ZRH,2026-03-23 13:40:00,2026-03-23 14:04:00,2026-03-23,2026-03,Monday,13,214,DELAYED,Z15,24,16-30,False,True,False,582
EK04240582,Emirates,FRA,ZRH,FRA-ZRH,2026-04-24 06:40:00,,2026-04-24,2026-04,Friday,6,1,CANCELLED,A12,0,CANCELLED,False,False,True,583
UA01230583,United Airlines,FRA,BER,FRA-BER,2026-01-23 19:10:00,2026-01-23 18:58:00,2026-01-23,2026-01,Friday,19,283,ON_TIME,Z15,0,ON_TIME,True,False,False,584
EK03270584,Emirates,FRA,CDG,FRA-CDG,2026-03-27 12:20:00,2026-03-27 12:16:00,2026-03-27,2026-03,Friday,12,293,ON_TIME,Z15,0,ON_TIME,True,False,False,585
BA06280585,British Airways,FRA,MUC,FRA-MUC,2026-06-28 19:35:00,2026-06-28 19:34:00,2026-06-28,2026-06,Sunday,19,173,ON_TIME,B03,0,ON_TIME,True,False,False,586
BA01270588,British Airways,FRA,ZRH,FRA-ZRH,2026-01-27 17:35:00,2026-01-27 17:55:00,2026-01-27,2026-01,Tuesday,17,209,DELAYED,E02,20,16-30,False,True,False,589
IB06010589,Iberia,FRA,MAD,FRA-MAD,2026-06-01 18:45:00,2026-06-01 18:30:00,2026-06-01,2026-06,Monday,18,229,ON_TIME,B03,0,ON_TIME,True,False,False,590
UA05260590,United Airlines,FRA,MAD,FRA-MAD,2026-05-26 16:20:00,2026-05-26 16:15:00,2026-05-26,2026-05,Tuesday,16,94,ON_TIME,Z15,0,ON_TIME,True,False,False,591
IB06010591,Iberia,FRA,MUC,FRA-MUC,2026-06-01 20:00:00,2026-06-01 20:21:00,2026-06-01,2026-06,Monday,20,90,DELAYED,Z15,21,16-30,False,True,False,592
DE06020592,Condor,FRA,JFK,FRA-JFK,2026-06-02 18:00:00,2026-06-02 18:01:00,2026-06-02,2026-06,Tuesday,18,101,ON_TIME,B03,1,ON_TIME,True,False,False,593
BA06120593,British Airways,FRA,PMI,FRA-PMI,2026-06-12 05:40:00,2026-06-12 05:35:00,2026-06-12,2026-06,Friday,5,283,ON_TIME,B03,0,ON_TIME,True,False,False,594
AF03230594,Air France,FRA,JFK,FRA-JFK,2026-03-23 15:25:00,2026-03-23 15:45:00,2026-03-23,2026-03,Monday,15,277,DELAYED,B16,20,16-30,False,True,False,595
DE01030595,Condor,FRA,PMI,FRA-PMI,2026-01-03 22:10:00,2026-01-03 22:29:00,2026-01-03,2026-01,Saturday,22,82,DELAYED,A05,19,16-30,False,True,False,596
EK03140596,Emirates,FRA,MUC,FRA-MUC,2026-03-14 05:45:00,2026-03-14 05:52:00,2026-03-14,2026-03,Saturday,5,217,ON_TIME,C07,7,ON_TIME,True,False,False,597
UA04220597,United Airlines,FRA,MAD,FRA-MAD,2026-04-22 22:45:00,2026-04-22 22:44:00,2026-04-22,2026-04,Wednesday,22,239,ON_TIME,C07,0,ON_TIME,True,False,False,598
BA06210598,British Airways,FRA,CDG,FRA-CDG,2026-06-21 09:40:00,,2026-06-21,2026-06,Sunday,9,4,CANCELLED,D04,0,CANCELLED,False,False,True,599
UA01220599,United Airlines,FRA,HAM,FRA-HAM,2026-01-22 10:10:00,2026-01-22 10:53:00,2026-01-22,2026-01,Thursday,10,147,DELAYED,D04,43,31-60,False,True,False,600
UA04260600,United Airlines,FRA,ZRH,FRA-ZRH,2026-04-26 18:00:00,2026-04-26 17:51:00,2026-04-26,2026-04,Sunday,18,58,ON_TIME,Z15,0,ON_TIME,True,False,False,601
IB03020601,Iberia,FRA,DXB,FRA-DXB,2026-03-02 21:50:00,2026-03-02 21:42:00,2026-03-02,2026-03,Monday,21,302,ON_TIME,B16,0,ON_TIME,True,False,False,602
DE05040602,Condor,FRA,PMI,FRA-PMI,2026-05-04 07:40:00,2026-05-04 07:47:00,2026-05-04,2026-05,Monday,7,198,ON_TIME,D04,7,ON_TIME,True,False,False,603
DE06060603,Condor,FRA,ZRH,FRA-ZRH,2026-06-06 07:45:00,2026-06-06 10:02:00,2026-06-06,2026-06,Saturday,7,214,DELAYED,Z15,137,120+,False,True,False,604
EK03160605,Emirates,FRA,CDG,FRA-CDG,2026-03-16 10:30:00,2026-03-16 10:27:00,2026-03-16,2026-03,Monday,10,188,ON_TIME,A05,0,ON_TIME,True,False,False,606
IB02130606,Iberia,FRA,PMI,FRA-PMI,2026-02-13 06:50:00,2026-02-13 06:52:00,2026-02-13,2026-02,Friday,6,201,ON_TIME,D04,2,ON_TIME,True,False,False,607
DE05100607,Condor,FRA,HAM,FRA-HAM,2026-05-10 07:50:00,2026-05-10 07:50:00,2026-05-10,2026-05,Sunday,7,112,ON_TIME,Z15,0,ON_TIME,True,False,False,608
BA02080608,British Airways,FRA,PMI,FRA-PMI,2026-02-08 20:00:00,2026-02-08 20:01:00,2026-02-08,2026-02,Sunday,20,175,ON_TIME,D04,1,ON_TIME,True,False,False,609
BA01090609,British Airways,FRA,ZRH,FRA-ZRH,2026-01-09 15:35:00,2026-01-09 15:20:00,2026-01-09,2026-01,Friday,15,266,ON_TIME,C07,0,ON_TIME,True,False,False,610
AF04230610,Air France,FRA,JFK,FRA-JFK,2026-04-23 10:45:00,2026-04-23 10:34:00,2026-04-23,2026-04,Thursday,10,82,ON_TIME,B09,0,ON_TIME,True,False,False,611
DE02120611,Condor,FRA,BER,FRA-BER,2026-02-12 20:10:00,2026-02-12 19:55:00,2026-02-12,2026-02,Thursday,20,174,ON_TIME,C07,0,ON_TIME,True,False,False,612
UA03090612,United Airlines,FRA,VIE,FRA-VIE,2026-03-09 10:20:00,2026-03-09 13:10:00,2026-03-09,2026-03,Monday,10,284,DELAYED,C07,170,120+,False,True,False,613
EK06240613,Emirates,FRA,ZRH,FRA-ZRH,2026-06-24 06:35:00,2026-06-24 06:20:00,2026-06-24,2026-06,Wednesday,6,194,ON_TIME,B16,0,ON_TIME,True,False,False,614
KL01260614,KLM,FRA,CDG,FRA-CDG,2026-01-26 14:25:00,2026-01-26 14:10:00,2026-01-26,2026-01,Monday,14,178,ON_TIME,Z15,0,ON_TIME,True,False,False,615
AF03280615,Air France,FRA,ZRH,FRA-ZRH,2026-03-28 11:00:00,2026-03-28 11:50:00,2026-03-28,2026-03,Saturday,11,323,DELAYED,A12,50,31-60,False,True,False,616
IB02260616,Iberia,FRA,AMS,FRA-AMS,2026-02-26 14:50:00,2026-02-26 15:31:00,2026-02-26,2026-02,Thursday,14,84,DELAYED,Z15,41,31-60,False,True,False,617
AF06130617,Air France,FRA,PMI,FRA-PMI,2026-06-13 08:35:00,2026-06-13 08:31:00,2026-06-13,2026-06,Saturday,8,149,ON_TIME,A12,0,ON_TIME,True,False,False,618
BA03170618,British Airways,FRA,CDG,FRA-CDG,2026-03-17 19:35:00,2026-03-17 19:35:00,2026-03-17,2026-03,Tuesday,19,196,ON_TIME,C07,0,ON_TIME,True,False,False,619
EK02110619,Emirates,FRA,CDG,FRA-CDG,2026-02-11 07:50:00,2026-02-11 10:17:00,2026-02-11,2026-02,Wednesday,7,190,DELAYED,A18,147,120+,False,True,False,620
IB05060620,Iberia,FRA,MUC,FRA-MUC,2026-05-06 12:25:00,2026-05-06 12:53:00,2026-05-06,2026-05,Wednesday,12,110,DELAYED,A18,28,16-30,False,True,False,621
LH02080622,Lufthansa,FRA,VIE,FRA-VIE,2026-02-08 05:30:00,2026-02-08 05:50:00,2026-02-08,2026-02,Sunday,5,223,DELAYED,C07,20,16-30,False,True,False,623
LH05060623,Lufthansa,FRA,ZRH,FRA-ZRH,2026-05-06 21:10:00,2026-05-06 22:31:00,2026-05-06,2026-05,Wednesday,21,56,DELAYED,C07,81,61-120,False,True,False,624
IB05260624,Iberia,FRA,MUC,FRA-MUC,2026-05-26 23:00:00,2026-05-26 22:45:00,2026-05-26,2026-05,Tuesday,23,83,ON_TIME,A12,0,ON_TIME,True,False,False,625
EK03290625,Emirates,FRA,ZRH,FRA-ZRH,2026-03-29 08:15:00,2026-03-29 08:25:00,2026-03-29,2026-03,Sunday,8,251,ON_TIME,B03,10,ON_TIME,True,False,False,626
KL04100626,KLM,FRA,DXB,FRA-DXB,2026-04-10 09:00:00,2026-04-10 09:30:00,2026-04-10,2026-04,Friday,9,279,DELAYED,B03,30,16-30,False,True,False,627
BA02190627,British Airways,FRA,BER,FRA-BER,2026-02-19 06:25:00,2026-02-19 06:10:00,2026-02-19,2026-02,Thursday,6,310,ON_TIME,E02,0,ON_TIME,True,False,False,628
IB01100628,Iberia,FRA,BER,FRA-BER,2026-01-10 15:30:00,2026-01-10 16:11:00,2026-01-10,2026-01,Saturday,15,262,DELAYED,A12,41,31-60,False,True,False,629
AF06200629,Air France,FRA,JFK,FRA-JFK,2026-06-20 22:15:00,2026-06-20 22:49:00,2026-06-20,2026-06,Saturday,22,174,DELAYED,A12,34,31-60,False,True,False,630
LH02060630,Lufthansa,FRA,DXB,FRA-DXB,2026-02-06 20:30:00,2026-02-06 20:22:00,2026-02-06,2026-02,Friday,20,78,ON_TIME,B03,0,ON_TIME,True,False,False,631
BA02140631,British Airways,FRA,BER,FRA-BER,2026-02-14 06:50:00,2026-02-14 07:31:00,2026-02-14,2026-02,Saturday,6,87,DELAYED,A12,41,31-60,False,True,False,632
DE06020632,Condor,FRA,VIE,FRA-VIE,2026-06-02 12:35:00,2026-06-02 13:08:00,2026-06-02,2026-06,Tuesday,12,260,DELAYED,B16,33,31-60,False,True,False,633
DE05280633,Condor,FRA,JFK,FRA-JFK,2026-05-28 22:40:00,2026-05-29 00:17:00,2026-05-28,2026-05,Thursday,22,226,DELAYED,A12,97,61-120,False,True,False,634
DE02060634,Condor,FRA,CDG,FRA-CDG,2026-02-06 18:40:00,2026-02-06 18:50:00,2026-02-06,2026-02,Friday,18,279,ON_TIME,B03,10,ON_TIME,True,False,False,635
LH01260635,Lufthansa,FRA,HAM,FRA-HAM,2026-01-26 17:40:00,,2026-01-26,2026-01,Monday,17,2,CANCELLED,Z15,0,CANCELLED,False,False,True,636
KL06270636,KLM,FRA,MAD,FRA-MAD,2026-06-27 20:40:00,2026-06-27 20:54:00,2026-06-27,2026-06,Saturday,20,322,ON_TIME,D04,14,ON_TIME,True,False,False,637
UA02140637,United Airlines,FRA,LHR,FRA-LHR,2026-02-14 07:25:00,2026-02-14 07:10:00,2026-02-14,2026-02,Saturday,7,209,ON_TIME,B16,0,ON_TIME,True,False,False,638
UA05230638,United Airlines,FRA,BER,FRA-BER,2026-05-23 12:45:00,2026-05-23 12:59:00,2026-05-23,2026-05,Saturday,12,103,ON_TIME,Z15,14,ON_TIME,True,False,False,639
EK04270641,Emirates,FRA,PMI,FRA-PMI,2026-04-27 06:35:00,2026-04-27 07:02:00,2026-04-27,2026-04,Monday,6,303,DELAYED,E02,27,16-30,False,True,False,642
DE03020642,Condor,FRA,MUC,FRA-MUC,2026-03-02 20:25:00,2026-03-02 20:32:00,2026-03-02,2026-03,Monday,20,221,ON_TIME,B03,7,ON_TIME,True,False,False,643
DE02280643,Condor,FRA,AMS,FRA-AMS,2026-02-28 08:45:00,2026-02-28 09:15:00,2026-02-28,2026-02,Saturday,8,296,DELAYED,Z15,30,16-30,False,True,False,644
IB04220644,Iberia,FRA,BER,FRA-BER,2026-04-22 09:45:00,2026-04-22 09:42:00,2026-04-22,2026-04,Wednesday,9,253,ON_TIME,B16,0,ON_TIME,True,False,False,645
BA02190645,British Airways,FRA,VIE,FRA-VIE,2026-02-19 16:50:00,2026-02-19 18:32:00,2026-02-19,2026-02,Thursday,16,111,DELAYED,D04,102,61-120,False,True,False,646
AF04160647,Air France,FRA,MUC,FRA-MUC,2026-04-16 22:15:00,2026-04-16 22:35:00,2026-04-16,2026-04,Thursday,22,62,DELAYED,C07,20,16-30,False,True,False,648
AF03250648,Air France,FRA,LHR,FRA-LHR,2026-03-25 19:25:00,2026-03-25 20:06:00,2026-03-25,2026-03,Wednesday,19,131,DELAYED,Z15,41,31-60,False,True,False,649
LH01120649,Lufthansa,FRA,MAD,FRA-MAD,2026-01-12 07:15:00,2026-01-12 07:04:00,2026-01-12,2026-01,Monday,7,105,ON_TIME,D04,0,ON_TIME,True,False,False,650
IB01220650,Iberia,FRA,LHR,FRA-LHR,2026-01-22 22:30:00,2026-01-22 22:43:00,2026-01-22,2026-01,Thursday,22,166,ON_TIME,A18,13,ON_TIME,True,False,False,651
EK03030651,Emirates,FRA,CDG,FRA-CDG,2026-03-03 07:30:00,2026-03-03 07:31:00,2026-03-03,2026-03,Tuesday,7,67,ON_TIME,D04,1,ON_TIME,True,False,False,652
UA03270653,United Airlines,FRA,DXB,FRA-DXB,2026-03-27 21:30:00,2026-03-27 21:45:00,2026-03-27,2026-03,Friday,21,161,ON_TIME,A12,15,ON_TIME,True,False,False,654
EK01150654,Emirates,FRA,DXB,FRA-DXB,2026-01-15 22:00:00,2026-01-15 21:45:00,2026-01-15,2026-01,Thursday,22,242,ON_TIME,D04,0,ON_TIME,True,False,False,655
LH04040655,Lufthansa,FRA,AMS,FRA-AMS,2026-04-04 11:20:00,2026-04-04 11:05:00,2026-04-04,2026-04,Saturday,11,226,ON_TIME,B03,0,ON_TIME,True,False,False,656
DE05030656,Condor,FRA,JFK,FRA-JFK,2026-05-03 11:45:00,2026-05-03 11:44:00,2026-05-03,2026-05,Sunday,11,312,ON_TIME,C07,0,ON_TIME,True,False,False,657
KL01170657,KLM,FRA,BER,FRA-BER,2026-01-17 17:00:00,2026-01-17 16:45:00,2026-01-17,2026-01,Saturday,17,327,ON_TIME,E02,0,ON_TIME,True,False,False,658
KL06080658,KLM,FRA,VIE,FRA-VIE,2026-06-08 16:35:00,2026-06-08 16:49:00,2026-06-08,2026-06,Monday,16,99,ON_TIME,A12,14,ON_TIME,True,False,False,659
UA03150659,United Airlines,FRA,HAM,FRA-HAM,2026-03-15 07:35:00,2026-03-15 07:59:00,2026-03-15,2026-03,Sunday,7,159,DELAYED,E02,24,16-30,False,True,False,660
LH04170660,Lufthansa,FRA,CDG,FRA-CDG,2026-04-17 22:40:00,2026-04-17 23:03:00,2026-04-17,2026-04,Friday,22,65,DELAYED,B09,23,16-30,False,True,False,661
KL02070663,KLM,FRA,BER,FRA-BER,2026-02-07 16:50:00,2026-02-07 17:31:00,2026-02-07,2026-02,Saturday,16,201,DELAYED,A18,41,31-60,False,True,False,664
BA06270664,British Airways,FRA,DXB,FRA-DXB,2026-06-27 09:40:00,2026-06-27 12:06:00,2026-06-27,2026-06,Saturday,9,119,DELAYED,D04,146,120+,False,True,False,665
KL02170665,KLM,FRA,AMS,FRA-AMS,2026-02-17 12:20:00,2026-02-17 12:05:00,2026-02-17,2026-02,Tuesday,12,284,ON_TIME,E02,0,ON_TIME,True,False,False,666
BA03190666,British Airways,FRA,ZRH,FRA-ZRH,2026-03-19 08:30:00,2026-03-19 08:15:00,2026-03-19,2026-03,Thursday,8,129,ON_TIME,D04,0,ON_TIME,True,False,False,667
EK01020667,Emirates,FRA,HAM,FRA-HAM,2026-01-02 23:20:00,2026-01-02 23:26:00,2026-01-02,2026-01,Friday,23,130,ON_TIME,Z15,6,ON_TIME,True,False,False,668
IB06260668,Iberia,FRA,AMS,FRA-AMS,2026-06-26 09:15:00,2026-06-26 09:03:00,2026-06-26,2026-06,Friday,9,114,ON_TIME,B09,0,ON_TIME,True,False,False,669
LH06080669,Lufthansa,FRA,MAD,FRA-MAD,2026-06-08 13:15:00,2026-06-08 13:14:00,2026-06-08,2026-06,Monday,13,324,ON_TIME,B03,0,ON_TIME,True,False,False,670
KL01060670,KLM,FRA,LHR,FRA-LHR,2026-01-06 08:20:00,2026-01-06 09:03:00,2026-01-06,2026-01,Tuesday,8,99,DELAYED,E02,43,31-60,False,True,False,671
UA05060671,United Airlines,FRA,LHR,FRA-LHR,2026-05-06 16:25:00,2026-05-06 17:28:00,2026-05-06,2026-05,Wednesday,16,130,DELAYED,C07,63,61-120,False,True,False,672
EK04060672,Emirates,FRA,MAD,FRA-MAD,2026-04-06 05:50:00,2026-04-06 05:46:00,2026-04-06,2026-04,Monday,5,283,ON_TIME,E02,0,ON_TIME,True,False,False,673
DE04240673,Condor,FRA,LHR,FRA-LHR,2026-04-24 19:15:00,2026-04-24 19:51:00,2026-04-24,2026-04,Friday,19,267,DELAYED,A18,36,31-60,False,True,False,674
DE02230674,Condor,FRA,HAM,FRA-HAM,2026-02-23 15:15:00,2026-02-23 15:00:00,2026-02-23,2026-02,Monday,15,226,ON_TIME,A12,0,ON_TIME,True,False,False,675
UA01020675,United Airlines,FRA,MUC,FRA-MUC,2026-01-02 18:50:00,2026-01-02 18:35:00,2026-01-02,2026-01,Friday,18,125,ON_TIME,B03,0,ON_TIME,True,False,False,676
BA03160676,British Airways,FRA,MAD,FRA-MAD,2026-03-16 23:15:00,,2026-03-16,2026-03,Monday,23,18,CANCELLED,B09,0,CANCELLED,False,False,True,677
IB04290677,Iberia,FRA,ZRH,FRA-ZRH,2026-04-29 12:30:00,2026-04-29 12:56:00,2026-04-29,2026-04,Wednesday,12,296,DELAYED,A12,26,16-30,False,True,False,678
KL02150678,KLM,FRA,MAD,FRA-MAD,2026-02-15 20:45:00,,2026-02-15,2026-02,Sunday,20,15,CANCELLED,A12,0,CANCELLED,False,False,True,679
EK05040679,Emirates,FRA,PMI,FRA-PMI,2026-05-04 18:50:00,2026-05-04 18:35:00,2026-05-04,2026-05,Monday,18,317,ON_TIME,Z15,0,ON_TIME,True,False,False,680
LH02110680,Lufthansa,FRA,CDG,FRA-CDG,2026-02-11 06:40:00,2026-02-11 07:00:00,2026-02-11,2026-02,Wednesday,6,124,DELAYED,B16,20,16-30,False,True,False,681
AF02160682,Air France,FRA,JFK,FRA-JFK,2026-02-16 09:25:00,2026-02-16 09:37:00,2026-02-16,2026-02,Monday,9,216,ON_TIME,B09,12,ON_TIME,True,False,False,683
KL06280683,KLM,FRA,JFK,FRA-JFK,2026-06-28 16:35:00,2026-06-28 16:41:00,2026-06-28,2026-06,Sunday,16,199,ON_TIME,B16,6,ON_TIME,True,False,False,684
DE04280685,Condor,FRA,MAD,FRA-MAD,2026-04-28 07:35:00,2026-04-28 08:13:00,2026-04-28,2026-04,Tuesday,7,240,DELAYED,A18,38,31-60,False,True,False,686
IB05140686,Iberia,FRA,PMI,FRA-PMI,2026-05-14 15:40:00,2026-05-14 18:10:00,2026-05-14,2026-05,Thursday,15,115,DELAYED,B03,150,120+,False,True,False,687
LH04210688,Lufthansa,FRA,VIE,FRA-VIE,2026-04-21 06:45:00,2026-04-21 07:06:00,2026-04-21,2026-04,Tuesday,6,317,DELAYED,Z15,21,16-30,False,True,False,689
LH01310689,Lufthansa,FRA,VIE,FRA-VIE,2026-01-31 13:30:00,2026-01-31 13:24:00,2026-01-31,2026-01,Saturday,13,160,ON_TIME,Z15,0,ON_TIME,True,False,False,690
AF06210690,Air France,FRA,HAM,FRA-HAM,2026-06-21 16:30:00,2026-06-21 16:15:00,2026-06-21,2026-06,Sunday,16,197,ON_TIME,Z15,0,ON_TIME,True,False,False,691
EK02110691,Emirates,FRA,AMS,FRA-AMS,2026-02-11 22:25:00,2026-02-11 22:29:00,2026-02-11,2026-02,Wednesday,22,62,ON_TIME,E02,4,ON_TIME,True,False,False,692
AF02190692,Air France,FRA,DXB,FRA-DXB,2026-02-19 14:40:00,2026-02-19 14:49:00,2026-02-19,2026-02,Thursday,14,105,ON_TIME,B03,9,ON_TIME,True,False,False,693
IB06280693,Iberia,FRA,AMS,FRA-AMS,2026-06-28 11:15:00,2026-06-28 12:05:00,2026-06-28,2026-06,Sunday,11,272,DELAYED,B03,50,31-60,False,True,False,694
AF01290694,Air France,FRA,MAD,FRA-MAD,2026-01-29 15:35:00,2026-01-29 16:17:00,2026-01-29,2026-01,Thursday,15,308,DELAYED,B16,42,31-60,False,True,False,695
KL01110695,KLM,FRA,ZRH,FRA-ZRH,2026-01-11 08:00:00,2026-01-11 07:54:00,2026-01-11,2026-01,Sunday,8,282,ON_TIME,B03,0,ON_TIME,True,False,False,696
UA04200696,United Airlines,FRA,CDG,FRA-CDG,2026-04-20 11:35:00,2026-04-20 12:07:00,2026-04-20,2026-04,Monday,11,243,DELAYED,A18,32,31-60,False,True,False,697
LH05060697,Lufthansa,FRA,JFK,FRA-JFK,2026-05-06 09:10:00,2026-05-06 09:19:00,2026-05-06,2026-05,Wednesday,9,260,ON_TIME,Z15,9,ON_TIME,True,False,False,698
DE02130698,Condor,FRA,DXB,FRA-DXB,2026-02-13 08:00:00,2026-02-13 08:06:00,2026-02-13,2026-02,Friday,8,261,ON_TIME,A12,6,ON_TIME,True,False,False,699
AF05080699,Air France,FRA,MAD,FRA-MAD,2026-05-08 14:25:00,2026-05-08 14:41:00,2026-05-08,2026-05,Friday,14,237,DELAYED,D04,16,16-30,False,True,False,700
UA05110700,United Airlines,FRA,VIE,FRA-VIE,2026-05-11 13:40:00,2026-05-11 13:25:00,2026-05-11,2026-05,Monday,13,183,ON_TIME,D04,0,ON_TIME,True,False,False,701
IB06100701,Iberia,FRA,LHR,FRA-LHR,2026-06-10 09:30:00,2026-06-10 09:53:00,2026-06-10,2026-06,Wednesday,9,146,DELAYED,C07,23,16-30,False,True,False,702
EK03190702,Emirates,FRA,HAM,FRA-HAM,2026-03-19 08:35:00,2026-03-19 08:52:00,2026-03-19,2026-03,Thursday,8,307,DELAYED,D04,17,16-30,False,True,False,703
AF06190703,Air France,FRA,CDG,FRA-CDG,2026-06-19 21:15:00,2026-06-19 21:00:00,2026-06-19,2026-06,Friday,21,64,ON_TIME,A05,0,ON_TIME,True,False,False,704
UA04090704,United Airlines,FRA,MUC,FRA-MUC,2026-04-09 20:00:00,2026-04-09 20:02:00,2026-04-09,2026-04,Thursday,20,73,ON_TIME,A05,2,ON_TIME,True,False,False,705
BA06180705,British Airways,FRA,ZRH,FRA-ZRH,2026-06-18 14:40:00,2026-06-18 15:19:00,2026-06-18,2026-06,Thursday,14,111,DELAYED,Z15,39,31-60,False,True,False,706
IB05220706,Iberia,FRA,JFK,FRA-JFK,2026-05-22 23:25:00,2026-05-23 00:07:00,2026-05-22,2026-05,Friday,23,135,DELAYED,E02,42,31-60,False,True,False,707
LH03090707,Lufthansa,FRA,MAD,FRA-MAD,2026-03-09 21:25:00,2026-03-09 21:22:00,2026-03-09,2026-03,Monday,21,219,ON_TIME,A05,0,ON_TIME,True,False,False,708
LH01120708,Lufthansa,FRA,PMI,FRA-PMI,2026-01-12 10:00:00,2026-01-12 09:59:00,2026-01-12,2026-01,Monday,10,68,ON_TIME,B16,0,ON_TIME,True,False,False,709
UA04200709,United Airlines,FRA,MUC,FRA-MUC,2026-04-20 17:00:00,2026-04-20 17:31:00,2026-04-20,2026-04,Monday,17,214,DELAYED,Z15,31,31-60,False,True,False,710
DE01170710,Condor,FRA,DXB,FRA-DXB,2026-01-17 14:35:00,2026-01-17 16:21:00,2026-01-17,2026-01,Saturday,14,74,DELAYED,D04,106,61-120,False,True,False,711
UA05120711,United Airlines,FRA,PMI,FRA-PMI,2026-05-12 18:50:00,,2026-05-12,2026-05,Tuesday,18,18,CANCELLED,C07,0,CANCELLED,False,False,True,712
EK01260712,Emirates,FRA,PMI,FRA-PMI,2026-01-26 20:35:00,2026-01-26 20:50:00,2026-01-26,2026-01,Monday,20,309,ON_TIME,E02,15,ON_TIME,True,False,False,713
EK06070713,Emirates,FRA,HAM,FRA-HAM,2026-06-07 15:00:00,2026-06-07 15:24:00,2026-06-07,2026-06,Sunday,15,93,DELAYED,E02,24,16-30,False,True,False,714
AF03090714,Air France,FRA,CDG,FRA-CDG,2026-03-09 06:50:00,2026-03-09 07:37:00,2026-03-09,2026-03,Monday,6,170,DELAYED,Z15,47,31-60,False,True,False,715
DE05290715,Condor,FRA,DXB,FRA-DXB,2026-05-29 09:25:00,2026-05-29 10:18:00,2026-05-29,2026-05,Friday,9,162,DELAYED,B16,53,31-60,False,True,False,716
DE03190716,Condor,FRA,JFK,FRA-JFK,2026-03-19 21:50:00,2026-03-19 22:22:00,2026-03-19,2026-03,Thursday,21,157,DELAYED,C07,32,31-60,False,True,False,717
UA06090717,United Airlines,FRA,CDG,FRA-CDG,2026-06-09 22:15:00,2026-06-09 22:00:00,2026-06-09,2026-06,Tuesday,22,319,ON_TIME,A18,0,ON_TIME,True,False,False,718
IB06190718,Iberia,FRA,LHR,FRA-LHR,2026-06-19 19:50:00,2026-06-19 19:49:00,2026-06-19,2026-06,Friday,19,277,ON_TIME,Z15,0,ON_TIME,True,False,False,719
LH02210719,Lufthansa,FRA,ZRH,FRA-ZRH,2026-02-21 17:15:00,2026-02-21 17:50:00,2026-02-21,2026-02,Saturday,17,277,DELAYED,C07,35,31-60,False,True,False,720
EK06120720,Emirates,FRA,MUC,FRA-MUC,2026-06-12 12:10:00,2026-06-12 12:54:00,2026-06-12,2026-06,Friday,12,137,DELAYED,B09,44,31-60,False,True,False,721
AF03030721,Air France,FRA,MAD,FRA-MAD,2026-03-03 08:40:00,2026-03-03 08:55:00,2026-03-03,2026-03,Tuesday,8,278,ON_TIME,C07,15,ON_TIME,True,False,False,722
LH02100722,Lufthansa,FRA,LHR,FRA-LHR,2026-02-10 13:40:00,,2026-02-10,2026-02,Tuesday,13,8,CANCELLED,E02,0,CANCELLED,False,False,True,723
BA01110723,British Airways,FRA,JFK,FRA-JFK,2026-01-11 20:30:00,2026-01-11 21:01:00,2026-01-11,2026-01,Sunday,20,87,DELAYED,C07,31,31-60,False,True,False,724
EK06180724,Emirates,FRA,JFK,FRA-JFK,2026-06-18 08:10:00,2026-06-18 08:11:00,2026-06-18,2026-06,Thursday,8,126,ON_TIME,B03,1,ON_TIME,True,False,False,725
AF02010726,Air France,FRA,PMI,FRA-PMI,2026-02-01 16:00:00,2026-02-01 15:54:00,2026-02-01,2026-02,Sunday,16,175,ON_TIME,C07,0,ON_TIME,True,False,False,727
AF01280727,Air France,FRA,HAM,FRA-HAM,2026-01-28 10:45:00,2026-01-28 10:42:00,2026-01-28,2026-01,Wednesday,10,306,ON_TIME,E02,0,ON_TIME,True,False,False,728
EK01290728,Emirates,FRA,DXB,FRA-DXB,2026-01-29 16:20:00,2026-01-29 16:41:00,2026-01-29,2026-01,Thursday,16,197,DELAYED,A18,21,16-30,False,True,False,729
EK04050729,Emirates,FRA,VIE,FRA-VIE,2026-04-05 14:30:00,2026-04-05 14:49:00,2026-04-05,2026-04,Sunday,14,82,DELAYED,B03,19,16-30,False,True,False,730
KL04090730,KLM,FRA,ZRH,FRA-ZRH,2026-04-09 15:00:00,2026-04-09 15:10:00,2026-04-09,2026-04,Thursday,15,328,ON_TIME,B03,10,ON_TIME,True,False,False,731
IB01030731,Iberia,FRA,MAD,FRA-MAD,2026-01-03 17:50:00,2026-01-03 18:41:00,2026-01-03,2026-01,Saturday,17,137,DELAYED,D04,51,31-60,False,True,False,732
EK04150732,Emirates,FRA,JFK,FRA-JFK,2026-04-15 06:50:00,2026-04-15 06:48:00,2026-04-15,2026-04,Wednesday,6,306,ON_TIME,D04,0,ON_TIME,True,False,False,733
UA04190733,United Airlines,FRA,AMS,FRA-AMS,2026-04-19 08:40:00,2026-04-19 08:32:00,2026-04-19,2026-04,Sunday,8,222,ON_TIME,D04,0,ON_TIME,True,False,False,734
LH06140734,Lufthansa,FRA,BER,FRA-BER,2026-06-14 11:15:00,2026-06-14 11:28:00,2026-06-14,2026-06,Sunday,11,260,ON_TIME,B03,13,ON_TIME,True,False,False,735
KL05280735,KLM,FRA,AMS,FRA-AMS,2026-05-28 07:35:00,2026-05-28 07:20:00,2026-05-28,2026-05,Thursday,7,121,ON_TIME,Z15,0,ON_TIME,True,False,False,736
UA04260736,United Airlines,FRA,AMS,FRA-AMS,2026-04-26 20:40:00,2026-04-26 20:47:00,2026-04-26,2026-04,Sunday,20,222,ON_TIME,B09,7,ON_TIME,True,False,False,737
AF04170737,Air France,FRA,MUC,FRA-MUC,2026-04-17 16:40:00,2026-04-17 16:25:00,2026-04-17,2026-04,Friday,16,65,ON_TIME,A05,0,ON_TIME,True,False,False,738
UA03080739,United Airlines,FRA,PMI,FRA-PMI,2026-03-08 09:35:00,2026-03-08 11:56:00,2026-03-08,2026-03,Sunday,9,277,DELAYED,D04,141,120+,False,True,False,740
IB02270740,Iberia,FRA,MUC,FRA-MUC,2026-02-27 11:45:00,2026-02-27 12:26:00,2026-02-27,2026-02,Friday,11,191,DELAYED,B09,41,31-60,False,True,False,741
IB02030741,Iberia,FRA,MAD,FRA-MAD,2026-02-03 18:45:00,2026-02-03 19:19:00,2026-02-03,2026-02,Tuesday,18,269,DELAYED,A18,34,31-60,False,True,False,742
UA01080742,United Airlines,FRA,HAM,FRA-HAM,2026-01-08 14:50:00,2026-01-08 15:03:00,2026-01-08,2026-01,Thursday,14,182,ON_TIME,B16,13,ON_TIME,True,False,False,743
IB01030743,Iberia,FRA,MUC,FRA-MUC,2026-01-03 20:40:00,2026-01-03 21:18:00,2026-01-03,2026-01,Saturday,20,251,DELAYED,C07,38,31-60,False,True,False,744
KL01250744,KLM,FRA,MUC,FRA-MUC,2026-01-25 22:30:00,2026-01-25 22:40:00,2026-01-25,2026-01,Sunday,22,296,ON_TIME,B16,10,ON_TIME,True,False,False,745
LH03060745,Lufthansa,FRA,BER,FRA-BER,2026-03-06 22:25:00,2026-03-06 23:14:00,2026-03-06,2026-03,Friday,22,76,DELAYED,Z15,49,31-60,False,True,False,746
EK05160747,Emirates,FRA,DXB,FRA-DXB,2026-05-16 18:40:00,2026-05-16 18:28:00,2026-05-16,2026-05,Saturday,18,198,ON_TIME,B16,0,ON_TIME,True,False,False,748
UA03090748,United Airlines,FRA,CDG,FRA-CDG,2026-03-09 14:20:00,2026-03-09 15:35:00,2026-03-09,2026-03,Monday,14,216,DELAYED,D04,75,61-120,False,True,False,749
BA06180749,British Airways,FRA,ZRH,FRA-ZRH,2026-06-18 19:30:00,2026-06-18 19:58:00,2026-06-18,2026-06,Thursday,19,138,DELAYED,D04,28,16-30,False,True,False,750
UA05070750,United Airlines,FRA,MUC,FRA-MUC,2026-05-07 07:15:00,2026-05-07 07:34:00,2026-05-07,2026-05,Thursday,7,303,DELAYED,D04,19,16-30,False,True,False,751
IB02070751,Iberia,FRA,MUC,FRA-MUC,2026-02-07 09:00:00,2026-02-07 09:24:00,2026-02-07,2026-02,Saturday,9,315,DELAYED,B09,24,16-30,False,True,False,752
AF01020752,Air France,FRA,PMI,FRA-PMI,2026-01-02 22:25:00,2026-01-02 22:28:00,2026-01-02,2026-01,Friday,22,181,ON_TIME,D04,3,ON_TIME,True,False,False,753
DE01070753,Condor,FRA,AMS,FRA-AMS,2026-01-07 14:35:00,2026-01-07 14:20:00,2026-01-07,2026-01,Wednesday,14,133,ON_TIME,A05,0,ON_TIME,True,False,False,754
LH06090755,Lufthansa,FRA,JFK,FRA-JFK,2026-06-09 20:00:00,2026-06-09 21:06:00,2026-06-09,2026-06,Tuesday,20,121,DELAYED,B03,66,61-120,False,True,False,756
LH03140756,Lufthansa,FRA,JFK,FRA-JFK,2026-03-14 15:30:00,2026-03-14 15:44:00,2026-03-14,2026-03,Saturday,15,250,ON_TIME,A12,14,ON_TIME,True,False,False,757
UA02150757,United Airlines,FRA,CDG,FRA-CDG,2026-02-15 13:10:00,2026-02-15 13:33:00,2026-02-15,2026-02,Sunday,13,200,DELAYED,A18,23,16-30,False,True,False,758
EK02210759,Emirates,FRA,ZRH,FRA-ZRH,2026-02-21 21:15:00,2026-02-21 21:00:00,2026-02-21,2026-02,Saturday,21,271,ON_TIME,B16,0,ON_TIME,True,False,False,760
BA06110760,British Airways,FRA,MAD,FRA-MAD,2026-06-11 18:35:00,,2026-06-11,2026-06,Thursday,18,14,CANCELLED,B03,0,CANCELLED,False,False,True,761
BA05150761,British Airways,FRA,VIE,FRA-VIE,2026-05-15 21:35:00,2026-05-15 21:20:00,2026-05-15,2026-05,Friday,21,131,ON_TIME,A18,0,ON_TIME,True,False,False,762
KL05140762,KLM,FRA,LHR,FRA-LHR,2026-05-14 18:50:00,2026-05-14 19:24:00,2026-05-14,2026-05,Thursday,18,78,DELAYED,E02,34,31-60,False,True,False,763
DE04190763,Condor,FRA,ZRH,FRA-ZRH,2026-04-19 18:35:00,2026-04-19 18:41:00,2026-04-19,2026-04,Sunday,18,96,ON_TIME,E02,6,ON_TIME,True,False,False,764
LH06190764,Lufthansa,FRA,MUC,FRA-MUC,2026-06-19 19:40:00,2026-06-19 19:25:00,2026-06-19,2026-06,Friday,19,78,ON_TIME,A12,0,ON_TIME,True,False,False,765
UA03180765,United Airlines,FRA,DXB,FRA-DXB,2026-03-18 16:25:00,2026-03-18 16:40:00,2026-03-18,2026-03,Wednesday,16,229,ON_TIME,A18,15,ON_TIME,True,False,False,766
AF01210766,Air France,FRA,HAM,FRA-HAM,2026-01-21 13:35:00,2026-01-21 14:58:00,2026-01-21,2026-01,Wednesday,13,114,DELAYED,A05,83,61-120,False,True,False,767
BA05030767,British Airways,FRA,JFK,FRA-JFK,2026-05-03 20:10:00,2026-05-03 20:56:00,2026-05-03,2026-05,Sunday,20,239,DELAYED,C07,46,31-60,False,True,False,768
KL02020768,KLM,FRA,MUC,FRA-MUC,2026-02-02 09:30:00,2026-02-02 09:37:00,2026-02-02,2026-02,Monday,9,151,ON_TIME,A05,7,ON_TIME,True,False,False,769
AF06160769,Air France,FRA,VIE,FRA-VIE,2026-06-16 09:45:00,2026-06-16 09:30:00,2026-06-16,2026-06,Tuesday,9,209,ON_TIME,D04,0,ON_TIME,True,False,False,770
BA04190770,British Airways,FRA,VIE,FRA-VIE,2026-04-19 05:35:00,2026-04-19 05:20:00,2026-04-19,2026-04,Sunday,5,282,ON_TIME,D04,0,ON_TIME,True,False,False,771
IB04260771,Iberia,FRA,BER,FRA-BER,2026-04-26 12:45:00,2026-04-26 13:10:00,2026-04-26,2026-04,Sunday,12,107,DELAYED,C07,25,16-30,False,True,False,772
UA05290772,United Airlines,FRA,VIE,FRA-VIE,2026-05-29 22:50:00,,2026-05-29,2026-05,Friday,22,16,CANCELLED,Z15,0,CANCELLED,False,False,True,773
IB01160773,Iberia,FRA,LHR,FRA-LHR,2026-01-16 21:30:00,2026-01-16 21:41:00,2026-01-16,2026-01,Friday,21,268,ON_TIME,D04,11,ON_TIME,True,False,False,774
DE06090774,Condor,FRA,VIE,FRA-VIE,2026-06-09 17:15:00,2026-06-09 18:58:00,2026-06-09,2026-06,Tuesday,17,153,DELAYED,D04,103,61-120,False,True,False,775
EK03010775,Emirates,FRA,VIE,FRA-VIE,2026-03-01 21:45:00,2026-03-01 21:37:00,2026-03-01,2026-03,Sunday,21,294,ON_TIME,A18,0,ON_TIME,True,False,False,776
KL04100776,KLM,FRA,DXB,FRA-DXB,2026-04-10 19:00:00,2026-04-10 18:45:00,2026-04-10,2026-04,Friday,19,137,ON_TIME,Z15,0,ON_TIME,True,False,False,777
AF06260777,Air France,FRA,CDG,FRA-CDG,2026-06-26 08:15:00,2026-06-26 08:39:00,2026-06-26,2026-06,Friday,8,267,DELAYED,D04,24,16-30,False,True,False,778
KL02230778,KLM,FRA,LHR,FRA-LHR,2026-02-23 22:30:00,2026-02-23 23:15:00,2026-02-23,2026-02,Monday,22,188,DELAYED,B16,45,31-60,False,True,False,779
BA05090779,British Airways,FRA,HAM,FRA-HAM,2026-05-09 06:35:00,2026-05-09 07:02:00,2026-05-09,2026-05,Saturday,6,304,DELAYED,B09,27,16-30,False,True,False,780
LH01270782,Lufthansa,FRA,ZRH,FRA-ZRH,2026-01-27 10:35:00,2026-01-27 10:20:00,2026-01-27,2026-01,Tuesday,10,135,ON_TIME,B09,0,ON_TIME,True,False,False,783
IB05080783,Iberia,FRA,ZRH,FRA-ZRH,2026-05-08 08:40:00,2026-05-08 08:47:00,2026-05-08,2026-05,Friday,8,279,ON_TIME,C07,7,ON_TIME,True,False,False,784
LH05020784,Lufthansa,FRA,LHR,FRA-LHR,2026-05-02 15:50:00,2026-05-02 16:15:00,2026-05-02,2026-05,Saturday,15,245,DELAYED,C07,25,16-30,False,True,False,785
EK06200785,Emirates,FRA,JFK,FRA-JFK,2026-06-20 12:40:00,2026-06-20 12:25:00,2026-06-20,2026-06,Saturday,12,274,ON_TIME,C07,0,ON_TIME,True,False,False,786
UA05130786,United Airlines,FRA,VIE,FRA-VIE,2026-05-13 16:30:00,2026-05-13 16:36:00,2026-05-13,2026-05,Wednesday,16,319,ON_TIME,A12,6,ON_TIME,True,False,False,787
DE03220787,Condor,FRA,AMS,FRA-AMS,2026-03-22 17:40:00,2026-03-22 17:49:00,2026-03-22,2026-03,Sunday,17,132,ON_TIME,Z15,9,ON_TIME,True,False,False,788
LH06190788,Lufthansa,FRA,JFK,FRA-JFK,2026-06-19 21:50:00,2026-06-19 22:08:00,2026-06-19,2026-06,Friday,21,210,DELAYED,B16,18,16-30,False,True,False,789
EK03130789,Emirates,FRA,BER,FRA-BER,2026-03-13 22:25:00,2026-03-13 22:31:00,2026-03-13,2026-03,Friday,22,281,ON_TIME,B16,6,ON_TIME,True,False,False,790
UA03190790,United Airlines,FRA,LHR,FRA-LHR,2026-03-19 07:30:00,2026-03-19 07:19:00,2026-03-19,2026-03,Thursday,7,119,ON_TIME,E02,0,ON_TIME,True,False,False,791
KL04190792,KLM,FRA,DXB,FRA-DXB,2026-04-19 21:35:00,2026-04-19 22:18:00,2026-04-19,2026-04,Sunday,21,187,DELAYED,E02,43,31-60,False,True,False,793
EK01130793,Emirates,FRA,MUC,FRA-MUC,2026-01-13 09:15:00,2026-01-13 09:27:00,2026-01-13,2026-01,Tuesday,9,328,ON_TIME,Z15,12,ON_TIME,True,False,False,794
AF03180794,Air France,FRA,AMS,FRA-AMS,2026-03-18 15:25:00,2026-03-18 15:13:00,2026-03-18,2026-03,Wednesday,15,321,ON_TIME,B03,0,ON_TIME,True,False,False,795
DE05130795,Condor,FRA,AMS,FRA-AMS,2026-05-13 12:00:00,2026-05-13 12:29:00,2026-05-13,2026-05,Wednesday,12,102,DELAYED,A05,29,16-30,False,True,False,796
UA05020796,United Airlines,FRA,HAM,FRA-HAM,2026-05-02 12:15:00,2026-05-02 12:49:00,2026-05-02,2026-05,Saturday,12,261,DELAYED,Z15,34,31-60,False,True,False,797
UA05300797,United Airlines,FRA,CDG,FRA-CDG,2026-05-30 21:10:00,2026-05-30 21:02:00,2026-05-30,2026-05,Saturday,21,268,ON_TIME,A18,0,ON_TIME,True,False,False,798
BA02020798,British Airways,FRA,ZRH,FRA-ZRH,2026-02-02 21:15:00,2026-02-02 21:00:00,2026-02-02,2026-02,Monday,21,325,ON_TIME,A12,0,ON_TIME,True,False,False,799
AF05020799,Air France,FRA,VIE,FRA-VIE,2026-05-02 06:40:00,2026-05-02 06:25:00,2026-05-02,2026-05,Saturday,6,264,ON_TIME,A12,0,ON_TIME,True,False,False,800
DE05270800,Condor,FRA,AMS,FRA-AMS,2026-05-27 14:30:00,2026-05-27 15:27:00,2026-05-27,2026-05,Wednesday,14,211,DELAYED,B16,57,31-60,False,True,False,801
